Time,Discharge_Capacity,Current
2015-11-13 09:28:05,1.64111413347712E-09,1.30580234527588
2015-11-13 09:28:15,1.64111413347712E-09,1.25709533691406
2015-11-13 09:28:25,1.64111413347712E-09,1.20673561096191
2015-11-13 09:28:35,1.64111413347712E-09,1.15979766845703
2015-11-13 09:28:45,1.64111413347712E-09,1.11637496948242
2015-11-13 09:28:55,1.64111413347712E-09,1.07551574707031
2015-11-13 09:29:05,1.64111413347712E-09,1.03609657287598
2015-11-13 09:29:15,1.64111413347712E-09,0.997522354125977
2015-11-13 09:29:25,1.64111413347712E-09,0.961033821105957
2015-11-13 09:29:35,1.64111413347712E-09,0.924373626708984
2015-11-13 09:29:45,1.64111413347712E-09,0.887794494628906
2015-11-13 09:29:55,1.64111413347712E-09,0.851907730102539
2015-11-13 09:30:05,1.64111413347712E-09,0.817588806152344
2015-11-13 09:30:15,1.64111413347712E-09,0.784049987792969
2015-11-13 09:30:25,1.64111413347712E-09,0.750933647155762
2015-11-13 09:30:35,1.64111413347712E-09,0.719894409179688
2015-11-13 09:30:45,1.64111413347712E-09,0.689906120300293
2015-11-13 09:30:55,1.64111413347712E-09,0.661469459533691
2015-11-13 09:31:05,1.64111413347712E-09,0.651997566223145
2015-11-13 09:31:15,1.64111413347712E-09,0
2015-11-13 09:31:25,1.64111413347712E-09,0
2015-11-13 09:31:35,1.64111413347712E-09,0
2015-11-13 09:31:45,0.217329561710358,-6.52011108398438
2015-11-13 09:31:55,0.434670686721802,-6.52016353607178
2015-11-13 09:32:05,0.652006387710571,-6.52005195617676
2015-11-13 09:32:15,0.869345009326935,-6.52011299133301
2015-11-13 09:32:25,1.08667147159576,-6.52011632919312
2015-11-13 09:32:35,1.30401158332825,-6.51997947692871
2015-11-13 09:32:45,1.39348900318146,-6.52004718780518
2015-11-13 09:32:55,1.39360427856445,0
2015-11-13 09:33:05,1.39360427856445,0
2015-11-13 09:33:15,1.39360427856445,0
2015-11-13 09:33:25,0,3.25992488861084
2015-11-13 09:33:35,0,3.25996875762939
2015-11-13 09:33:45,0,3.25992107391357
2015-11-13 09:33:55,0,3.25991916656494
2015-11-13 09:34:05,0,3.25999546051025
2015-11-13 09:34:15,0,3.12399196624756
2015-11-13 09:34:25,0,2.68377780914307
2015-11-13 09:34:35,0,2.3200101852417
2015-11-13 09:34:45,0,2.03442668914795
2015-11-13 09:34:55,0,1.8116626739502
2015-11-13 09:35:05,0,1.63467121124268
2015-11-13 09:35:15,0,1.49217128753662
2015-11-13 09:35:25,0,1.37550449371338
2015-11-13 09:35:35,0,1.27841567993164
2015-11-13 09:35:45,0,1.19557762145996
2015-11-13 09:35:55,0,1.12215042114258
2015-11-13 09:36:05,0,1.05657196044922
2015-11-13 09:36:15,0,0.997474670410156
2015-11-13 09:36:25,0,0.942136764526367
2015-11-13 09:36:35,0,0.890994071960449
2015-11-13 09:36:45,0,0.843293190002441
2015-11-13 09:36:55,0,0.798603057861328
2015-11-13 09:37:05,0,0.756454467773438
2015-11-13 09:37:15,0,0.716975212097168
2015-11-13 09:37:25,0,0.680047988891602
2015-11-13 09:37:35,0,0.651995658874512
2015-11-13 09:37:45,0,0
2015-11-13 09:37:55,0,0
2015-11-13 09:38:05,0,0
2015-11-13 09:38:15,0.217331677675247,-6.52010107040405
2015-11-13 09:38:25,0.434675693511963,-6.52009963989258
2015-11-13 09:38:35,0.651993691921234,-6.52011632919312
2015-11-13 09:38:45,0.869346678256989,-6.52012634277344
2015-11-13 09:38:55,1.08667266368866,-6.52015495300293
2015-11-13 09:39:05,1.30402529239655,-6.52015161514282
2015-11-13 09:39:15,1.35889911651611,-6.5198917388916
2015-11-13 09:39:25,1.35900616645813,0
2015-11-13 09:39:35,1.35900616645813,0
2015-11-13 09:39:45,1.35900616645813,0
2015-11-13 09:39:55,1.37236344510683E-09,3.25986194610596
2015-11-13 09:40:05,1.37236344510683E-09,3.25992488861084
2015-11-13 09:40:16,1.37236344510683E-09,3.25992488861084
2015-11-13 09:40:26,1.37236344510683E-09,3.2599401473999
2015-11-13 09:40:36,1.37236344510683E-09,3.25995922088623
2015-11-13 09:40:46,1.37236344510683E-09,2.95507717132568
2015-11-13 09:40:56,1.37236344510683E-09,2.52377796173096
2015-11-13 09:41:06,1.37236344510683E-09,2.18339252471924
2015-11-13 09:41:16,1.37236344510683E-09,1.91925144195557
2015-11-13 09:41:26,1.37236344510683E-09,1.71371173858643
2015-11-13 09:41:36,1.37236344510683E-09,1.54974460601807
2015-11-13 09:41:46,1.37236344510683E-09,1.41851139068604
2015-11-13 09:41:56,1.37236344510683E-09,1.31103897094727
2015-11-13 09:42:06,1.37236344510683E-09,1.21934604644775
2015-11-13 09:42:16,1.37236344510683E-09,1.13968658447266
2015-11-13 09:42:26,1.37236344510683E-09,1.07063007354736
2015-11-13 09:42:36,1.37236344510683E-09,1.00741100311279
2015-11-13 09:42:46,1.37236344510683E-09,0.949504852294922
2015-11-13 09:42:56,1.37236344510683E-09,0.896576881408691
2015-11-13 09:43:06,1.37236344510683E-09,0.846328735351563
2015-11-13 09:43:16,1.37236344510683E-09,0.79926872253418
2015-11-13 09:43:26,1.37236344510683E-09,0.754226684570313
2015-11-13 09:43:36,1.37236344510683E-09,0.712996482849121
2015-11-13 09:43:46,1.37236344510683E-09,0.678394317626953
2015-11-13 09:43:56,1.37236344510683E-09,0.651997566223145
2015-11-13 09:44:06,1.37236344510683E-09,0
2015-11-13 09:44:16,1.37236344510683E-09,0
2015-11-13 09:44:26,1.37236344510683E-09,0
2015-11-13 09:44:36,0.217333078384399,-6.52009105682373
2015-11-13 09:44:46,0.43466392159462,-6.52010774612427
2015-11-13 09:44:56,0.652011692523956,-6.52012157440186
2015-11-13 09:45:06,0.86934506893158,-6.52016019821167
2015-11-13 09:45:16,1.08668231964111,-6.52017021179199
2015-11-13 09:45:26,1.30401349067688,-6.51988172531128
2015-11-13 09:45:36,1.36587011814117,-6.5201621055603
2015-11-13 09:45:46,1.36596512794495,0
2015-11-13 09:45:56,1.36596512794495,0
2015-11-13 09:46:06,1.36596512794495,0
2015-11-13 09:46:16,0,3.25998783111572
2015-11-13 09:46:26,0,3.25991916656494
2015-11-13 09:46:36,0,3.25996494293213
2015-11-13 09:46:46,0,3.25994968414307
2015-11-13 09:46:56,0,3.25990009307861
2015-11-13 09:47:06,3.50846063312815E-09,2.92960453033447
2015-11-13 09:47:16,3.50846063312815E-09,2.49967670440674
2015-11-13 09:47:26,3.50846063312815E-09,2.15560245513916
2015-11-13 09:47:36,3.50846063312815E-09,1.89276218414307
2015-11-13 09:47:46,3.50846063312815E-09,1.6884822845459
2015-11-13 09:47:56,3.50846063312815E-09,1.52681350708008
2015-11-13 09:48:06,3.50846063312815E-09,1.39589405059814
2015-11-13 09:48:16,3.50846063312815E-09,1.28891754150391
2015-11-13 09:48:26,3.50846063312815E-09,1.19853591918945
2015-11-13 09:48:36,3.50846063312815E-09,1.12061500549316
2015-11-13 09:48:46,3.50846063312815E-09,1.05152988433838
2015-11-13 09:48:56,3.50846063312815E-09,0.988613128662109
2015-11-13 09:49:06,3.50846063312815E-09,0.931360244750977
2015-11-13 09:49:16,3.50846063312815E-09,0.879246711730957
2015-11-13 09:49:26,3.50846063312815E-09,0.830378532409668
2015-11-13 09:49:36,3.50846063312815E-09,0.785707473754883
2015-11-13 09:49:46,3.50846063312815E-09,0.750116348266602
2015-11-13 09:49:56,3.50846063312815E-09,0.71791934967041
2015-11-13 09:50:06,3.50846063312815E-09,0.68504810333252
2015-11-13 09:50:16,3.50846063312815E-09,0.652017593383789
2015-11-13 09:50:26,3.50846063312815E-09,0.651982307434082
2015-11-13 09:50:36,3.50846063312815E-09,0
2015-11-13 09:50:46,3.50846063312815E-09,0
2015-11-13 09:50:56,3.50846063312815E-09,0
2015-11-13 09:51:06,0.217333674430847,-6.51978206634522
2015-11-13 09:51:16,0.434658259153366,-6.51981735229492
2015-11-13 09:51:26,0.651973783969879,-6.51987314224243
2015-11-13 09:51:36,0.869298458099365,-6.52003002166748
2015-11-13 09:51:46,1.08664178848267,-6.51984262466431
2015-11-13 09:51:56,1.30397081375122,-6.51987648010254
2015-11-13 09:52:06,1.35526204109192,-6.51984596252441
2015-11-13 09:52:16,1.35538816452026,0
2015-11-13 09:52:26,1.35538816452026,0
2015-11-13 09:52:36,1.35538816452026,0
2015-11-13 09:52:46,0,3.25984668731689
2015-11-13 09:52:56,0,3.26001644134521
2015-11-13 09:53:06,0,3.26001834869385
2015-11-13 09:53:16,0,3.26000499725342
2015-11-13 09:53:26,0,3.26004886627197
2015-11-13 09:53:36,0,2.89679431915283
2015-11-13 09:53:46,0,2.46646785736084
2015-11-13 09:53:56,0,2.12855434417725
2015-11-13 09:54:06,0,1.86942577362061
2015-11-13 09:54:16,0,1.66751003265381
2015-11-13 09:54:26,0,1.51023483276367
2015-11-13 09:54:36,0,1.38230037689209
2015-11-13 09:54:46,0,1.27720260620117
2015-11-13 09:54:56,0,1.18912124633789
2015-11-13 09:55:06,0,1.11266040802002
2015-11-13 09:55:16,0,1.04439926147461
2015-11-13 09:55:26,0,0.982771873474121
2015-11-13 09:55:36,0,0.926568031311035
2015-11-13 09:55:46,0,0.882106781005859
2015-11-13 09:55:56,0,0.842137336730957
2015-11-13 09:56:06,0,0.802446365356445
2015-11-13 09:56:16,0,0.763154029846191
2015-11-13 09:56:26,0,0.723706245422363
2015-11-13 09:56:36,0,0.684678077697754
2015-11-13 09:56:46,0,0.651997566223145
2015-11-13 09:56:56,0,0
2015-11-13 09:57:06,0,0
2015-11-13 09:57:16,0,0
2015-11-13 09:57:26,0.217311024665833,-6.51983594894409
2015-11-13 09:57:36,0.434655219316483,-6.51982927322388
2015-11-13 09:57:46,0.651959538459778,-6.51987457275391
2015-11-13 09:57:56,0.869284868240356,-6.51981735229492
2015-11-13 09:58:06,1.08663690090179,-6.51980543136597
2015-11-13 09:58:16,1.30394554138184,-6.51982259750366
2015-11-13 09:58:26,1.37389671802521,-6.51984119415283
2015-11-13 09:58:36,1.37400424480438,0
2015-11-13 09:58:46,1.37400424480438,0
2015-11-13 09:58:56,1.37400424480438,0
2015-11-13 09:59:06,0,3.2598123550415
2015-11-13 09:59:16,0,3.25999736785889
2015-11-13 09:59:26,0,3.25999355316162
2015-11-13 09:59:36,0,3.26001453399658
2015-11-13 09:59:46,0,3.26000499725342
2015-11-13 09:59:56,0,2.96106243133545
2015-11-13 10:00:06,0,2.52201366424561
2015-11-13 10:00:16,0,2.17229747772217
2015-11-13 10:00:26,0,1.89968395233154
2015-11-13 10:00:36,0,1.68947696685791
2015-11-13 10:00:46,0,1.52528285980225
2015-11-13 10:00:56,0,1.39324855804443
2015-11-13 10:01:06,0,1.28485679626465
2015-11-13 10:01:16,0,1.19411849975586
2015-11-13 10:01:26,0,1.11496829986572
2015-11-13 10:01:36,0,1.05500602722168
2015-11-13 10:01:46,0,1.00369834899902
2015-11-13 10:01:56,0,0.954118728637695
2015-11-13 10:02:06,0,0.904789924621582
2015-11-13 10:02:16,0,0.857040405273438
2015-11-13 10:02:26,0,0.809446334838867
2015-11-13 10:02:36,0,0.75648307800293
2015-11-13 10:02:46,0,0.706609725952148
2015-11-13 10:02:56,0,0.662592887878418
2015-11-13 10:03:06,0,0.651982307434082
2015-11-13 10:03:16,0,0
2015-11-13 10:03:26,0,0
2015-11-13 10:03:36,0,0
2015-11-13 10:03:46,0.217302829027176,-6.51984930038452
2015-11-13 10:03:56,0.434660375118256,-6.51984453201294
2015-11-13 10:04:06,0.651974201202393,-6.51983737945557
2015-11-13 10:04:17,0.869319677352905,-6.51986312866211
2015-11-13 10:04:27,1.08665215969086,-6.51982593536377
2015-11-13 10:04:37,1.30395758152008,-6.52019548416138
2015-11-13 10:04:47,1.33715009689331,-6.51978206634522
2015-11-13 10:04:57,1.33726298809052,0
2015-11-13 10:05:07,1.33726298809052,0
2015-11-13 10:05:17,1.33726298809052,0
2015-11-13 10:05:27,2.5351833965459E-09,3.25991725921631
2015-11-13 10:05:37,2.5351833965459E-09,3.26005268096924
2015-11-13 10:05:47,2.5351833965459E-09,3.26000499725342
2015-11-13 10:05:57,2.5351833965459E-09,3.26002216339111
2015-11-13 10:06:07,2.5351833965459E-09,3.26008319854736
2015-11-13 10:06:17,2.5351833965459E-09,2.86765956878662
2015-11-13 10:06:27,2.5351833965459E-09,2.44069576263428
2015-11-13 10:06:37,2.5351833965459E-09,2.10704898834229
2015-11-13 10:06:47,2.5351833965459E-09,1.84978199005127
2015-11-13 10:06:57,2.5351833965459E-09,1.65182209014893
2015-11-13 10:07:07,2.5351833965459E-09,1.49484062194824
2015-11-13 10:07:17,2.5351833965459E-09,1.36886405944824
2015-11-13 10:07:27,2.5351833965459E-09,1.26502799987793
2015-11-13 10:07:37,2.5351833965459E-09,1.18649291992188
2015-11-13 10:07:47,2.5351833965459E-09,1.12211322784424
2015-11-13 10:07:57,2.5351833965459E-09,1.06142234802246
2015-11-13 10:08:07,2.5351833965459E-09,1.00471019744873
2015-11-13 10:08:17,2.5351833965459E-09,0.951452255249023
2015-11-13 10:08:27,2.5351833965459E-09,0.897397994995117
2015-11-13 10:08:37,2.5351833965459E-09,0.838497161865234
2015-11-13 10:08:47,2.5351833965459E-09,0.782356262207031
2015-11-13 10:08:57,2.5351833965459E-09,0.732908248901367
2015-11-13 10:09:07,2.5351833965459E-09,0.689590454101563
2015-11-13 10:09:17,2.5351833965459E-09,0.651997566223145
2015-11-13 10:09:27,2.5351833965459E-09,0
2015-11-13 10:09:37,2.5351833965459E-09,0
2015-11-13 10:09:47,2.5351833965459E-09,0
2015-11-13 10:09:57,0.217313900589943,-6.51982927322388
2015-11-13 10:10:07,0.434643864631653,-6.51984596252441
2015-11-13 10:10:17,0.651980757713318,-6.51984596252441
2015-11-13 10:10:27,0.869283199310303,-6.5198187828064
2015-11-13 10:10:37,1.08664095401764,-6.51985263824463
2015-11-13 10:10:47,1.30396389961243,-6.51984453201294
2015-11-13 10:10:57,1.33679091930389,-6.51985120773315
2015-11-13 10:11:07,1.33691656589508,0
2015-11-13 10:11:17,1.33691656589508,0
2015-11-13 10:11:27,1.33691656589508,0
2015-11-13 10:11:37,0,3.25998020172119
2015-11-13 10:11:47,0,3.26006412506104
2015-11-13 10:11:57,0,3.2600736618042
2015-11-13 10:12:07,0,3.26003360748291
2015-11-13 10:12:17,0,3.26001453399658
2015-11-13 10:12:27,0,2.90183925628662
2015-11-13 10:12:37,0,2.46778011322021
2015-11-13 10:12:47,0,2.12552165985107
2015-11-13 10:12:57,0,1.86518955230713
2015-11-13 10:13:07,0,1.6636905670166
2015-11-13 10:13:17,0,1.50137996673584
2015-11-13 10:13:27,0,1.37732696533203
2015-11-13 10:13:37,0,1.28497314453125
2015-11-13 10:13:47,0,1.20644283294678
2015-11-13 10:13:57,0,1.1359977722168
2015-11-13 10:14:07,0,1.07050800323486
2015-11-13 10:14:17,0,1.0088415145874
2015-11-13 10:14:27,0,0.944187164306641
2015-11-13 10:14:37,0,0.879079818725586
2015-11-13 10:14:47,0,0.821394920349121
2015-11-13 10:14:57,0,0.770188331604004
2015-11-13 10:15:07,0,0.723949432373047
2015-11-13 10:15:17,0,0.681079864501953
2015-11-13 10:15:27,0,0.651992797851563
2015-11-13 10:15:37,0,0
2015-11-13 10:15:47,0,0
2015-11-13 10:15:57,0,0
2015-11-13 10:16:07,0.217328548431396,-6.51977825164795
2015-11-13 10:16:17,0.434641927480698,-6.51986455917358
2015-11-13 10:16:27,0.651977956295013,-6.52006244659424
2015-11-13 10:16:37,0.869333863258362,-6.51987981796265
2015-11-13 10:16:47,1.08665502071381,-6.52017545700073
2015-11-13 10:16:57,1.30397987365723,-6.51985931396484
2015-11-13 10:17:07,1.34611129760742,-6.51988983154297
2015-11-13 10:17:17,1.34626829624176,0
2015-11-13 10:17:27,1.34626829624176,0
2015-11-13 10:17:37,1.34626829624176,0
2015-11-13 10:17:47,0,3.25987529754639
2015-11-13 10:17:57,0,3.2600622177124
2015-11-13 10:18:07,0,3.26002597808838
2015-11-13 10:18:17,0,3.2599515914917
2015-11-13 10:18:27,0,3.25998020172119
2015-11-13 10:18:37,0,2.91508197784424
2015-11-13 10:18:47,0,2.48477840423584
2015-11-13 10:18:57,0,2.14069843292236
2015-11-13 10:19:07,0,1.87341785430908
2015-11-13 10:19:17,0,1.66782760620117
2015-11-13 10:19:27,0,1.51613903045654
2015-11-13 10:19:37,0,1.40156269073486
2015-11-13 10:19:47,0,1.30487155914307
2015-11-13 10:19:57,0,1.22110080718994
2015-11-13 10:20:07,0,1.14592170715332
2015-11-13 10:20:17,0,1.07432079315186
2015-11-13 10:20:27,0,1.00089359283447
2015-11-13 10:20:37,0,0.931154251098633
2015-11-13 10:20:47,0,0.869905471801758
2015-11-13 10:20:57,0,0.816563606262207
2015-11-13 10:21:07,0,0.76810359954834
2015-11-13 10:21:17,0,0.723880767822266
2015-11-13 10:21:27,0,0.682936668395996
2015-11-13 10:21:37,0,0.65199089050293
2015-11-13 10:21:47,0,0
2015-11-13 10:21:57,0,0
2015-11-13 10:22:07,0,0
2015-11-13 10:22:17,0.2173021286726,-6.51998281478882
2015-11-13 10:22:27,0.434637278318405,-6.52020597457886
2015-11-13 10:22:37,0.651974856853485,-6.51993560791016
2015-11-13 10:22:47,0.86931449174881,-6.51983737945557
2015-11-13 10:22:57,1.08664643764496,-6.51991844177246
2015-11-13 10:23:07,1.30398690700531,-6.51996946334839
2015-11-13 10:23:17,1.32079792022705,-6.5202260017395
2015-11-13 10:23:27,1.32094120979309,0
2015-11-13 10:23:37,1.32094120979309,0
2015-11-13 10:23:47,1.32094120979309,0
2015-11-13 10:23:57,0,3.25989437103271
2015-11-13 10:24:07,5.26454524418796E-09,3.26002979278564
2015-11-13 10:24:17,5.26454524418796E-09,3.26008319854736
2015-11-13 10:24:27,5.26454524418796E-09,3.26004505157471
2015-11-13 10:24:37,5.26454524418796E-09,3.26002216339111
2015-11-13 10:24:47,5.26454524418796E-09,2.80932140350342
2015-11-13 10:24:57,5.26454524418796E-09,2.39096546173096
2015-11-13 10:25:07,5.26454524418796E-09,2.06464862823486
2015-11-13 10:25:17,5.26454524418796E-09,1.8218412399292
2015-11-13 10:25:27,5.26454524418796E-09,1.64475059509277
2015-11-13 10:25:37,5.26454524418796E-09,1.50682735443115
2015-11-13 10:25:47,5.26454524418796E-09,1.39303684234619
2015-11-13 10:25:57,5.26454524418796E-09,1.29826259613037
2015-11-13 10:26:07,5.26454524418796E-09,1.21401405334473
2015-11-13 10:26:17,5.26454524418796E-09,1.13391494750977
2015-11-13 10:26:27,5.26454524418796E-09,1.05344867706299
2015-11-13 10:26:37,5.26454524418796E-09,0.981136322021484
2015-11-13 10:26:47,5.26454524418796E-09,0.917708396911621
2015-11-13 10:26:57,5.26454524418796E-09,0.861766815185547
2015-11-13 10:27:07,5.26454524418796E-09,0.811083793640137
2015-11-13 10:27:17,5.26454524418796E-09,0.764739036560059
2015-11-13 10:27:27,5.26454524418796E-09,0.721461296081543
2015-11-13 10:27:37,5.26454524418796E-09,0.680397033691406
2015-11-13 10:27:47,5.26454524418796E-09,0.651993751525879
2015-11-13 10:27:57,5.26454524418796E-09,0
2015-11-13 10:28:07,5.26454524418796E-09,0
2015-11-13 10:28:17,5.26454524418796E-09,0
2015-11-13 10:28:27,0.21731972694397,-6.51983070373535
2015-11-13 10:28:37,0.434656351804733,-6.5198712348938
2015-11-13 10:28:47,0.651971220970154,-6.51982069015503
2015-11-13 10:28:57,0.869316577911377,-6.51981210708618
2015-11-13 10:29:07,1.08663439750671,-6.52023601531982
2015-11-13 10:29:17,1.3039755821228,-6.51983070373535
2015-11-13 10:29:27,1.3059024810791,-6.51981210708618
2015-11-13 10:29:37,1.30603075027466,0
2015-11-13 10:29:47,1.30603075027466,0
2015-11-13 10:29:57,1.30603075027466,0
2015-11-13 10:30:07,2.59017851611532E-09,3.25990390777588
2015-11-13 10:30:17,2.59017851611532E-09,3.26010990142822
2015-11-13 10:30:27,2.59017851611532E-09,3.26003170013428
2015-11-13 10:30:37,2.59017851611532E-09,3.26002216339111
2015-11-13 10:30:47,2.59017851611532E-09,3.26006603240967
2015-11-13 10:30:57,2.59017851611532E-09,2.78350734710693
2015-11-13 10:31:07,2.59017851611532E-09,2.36337375640869
2015-11-13 10:31:17,2.59017851611532E-09,2.04987812042236
2015-11-13 10:31:27,2.59017851611532E-09,1.82110118865967
2015-11-13 10:31:37,2.59017851611532E-09,1.64413928985596
2015-11-13 10:31:47,2.59017851611532E-09,1.49960231781006
2015-11-13 10:31:58,2.59017851611532E-09,1.38072299957275
2015-11-13 10:32:08,2.59017851611532E-09,1.27805423736572
2015-11-13 10:32:18,2.59017851611532E-09,1.18188095092773
2015-11-13 10:32:28,2.59017851611532E-09,1.09300422668457
2015-11-13 10:32:38,2.59017851611532E-09,1.01716709136963
2015-11-13 10:32:48,2.59017851611532E-09,0.951844215393066
2015-11-13 10:32:58,2.59017851611532E-09,0.89414119720459
2015-11-13 10:33:08,2.59017851611532E-09,0.841217994689941
2015-11-13 10:33:18,2.59017851611532E-09,0.793530464172363
2015-11-13 10:33:28,2.59017851611532E-09,0.747713088989258
2015-11-13 10:33:38,2.59017851611532E-09,0.705327033996582
2015-11-13 10:33:48,2.59017851611532E-09,0.664751052856445
2015-11-13 10:33:58,2.59017851611532E-09,0.651992797851563
2015-11-13 10:34:08,2.59017851611532E-09,0
2015-11-13 10:34:18,2.59017851611532E-09,0
2015-11-13 10:34:28,2.59017851611532E-09,0
2015-11-13 10:34:38,0.217330425977707,-6.51987314224243
2015-11-13 10:34:48,0.434651732444763,-6.51986122131348
2015-11-13 10:34:58,0.651959240436554,-6.51985788345337
2015-11-13 10:35:08,0.869281232357025,-6.51988649368286
2015-11-13 10:35:18,1.08662366867065,-6.5198073387146
2015-11-13 10:35:28,1.30188417434692,-6.51988172531128
2015-11-13 10:35:38,1.30200898647308,0
2015-11-13 10:35:48,1.30200898647308,0
2015-11-13 10:35:58,1.30200898647308,0
2015-11-13 10:36:08,0,3.25982570648193
2015-11-13 10:36:18,3.60059648762956E-09,3.26003360748291
2015-11-13 10:36:28,3.60059648762956E-09,3.26001262664795
2015-11-13 10:36:38,3.60059648762956E-09,3.25992107391357
2015-11-13 10:36:48,3.60059648762956E-09,3.26004886627197
2015-11-13 10:36:58,3.60059648762956E-09,2.79794216156006
2015-11-13 10:37:08,3.60059648762956E-09,2.38816547393799
2015-11-13 10:37:18,3.60059648762956E-09,2.07802104949951
2015-11-13 10:37:28,3.60059648762956E-09,1.84338474273682
2015-11-13 10:37:38,3.60059648762956E-09,1.65624141693115
2015-11-13 10:37:48,3.60059648762956E-09,1.50717067718506
2015-11-13 10:37:58,3.60059648762956E-09,1.38240337371826
2015-11-13 10:38:08,3.60059648762956E-09,1.27193737030029
2015-11-13 10:38:18,3.60059648762956E-09,1.17197704315186
2015-11-13 10:38:28,3.60059648762956E-09,1.08486557006836
2015-11-13 10:38:38,3.60059648762956E-09,1.0114049911499
2015-11-13 10:38:48,3.60059648762956E-09,0.947481155395508
2015-11-13 10:38:58,3.60059648762956E-09,0.890186309814453
2015-11-13 10:39:08,3.60059648762956E-09,0.837507247924805
2015-11-13 10:39:18,3.60059648762956E-09,0.788660049438477
2015-11-13 10:39:28,3.60059648762956E-09,0.743237495422363
2015-11-13 10:39:38,3.60059648762956E-09,0.700999259948731
2015-11-13 10:39:48,3.60059648762956E-09,0.661960601806641
2015-11-13 10:39:58,3.60059648762956E-09,0.651971817016602
2015-11-13 10:40:08,3.60059648762956E-09,0
2015-11-13 10:40:18,3.60059648762956E-09,0
2015-11-13 10:40:28,3.60059648762956E-09,0
2015-11-13 10:40:38,0.21730363368988,-6.51986980438232
2015-11-13 10:40:48,0.434632688760757,-6.51982593536377
2015-11-13 10:40:58,0.651978135108948,-6.51982593536377
2015-11-13 10:41:08,0.869305312633514,-6.51986455917358
2015-11-13 10:41:18,1.08663094043732,-6.51985120773315
2015-11-13 10:41:28,1.30396378040314,-6.5198392868042
2015-11-13 10:41:38,1.31311345100403,-6.51978206634522
2015-11-13 10:41:48,1.31323051452637,0
2015-11-13 10:41:58,1.31323051452637,0
2015-11-13 10:42:08,1.31323051452637,0
2015-11-13 10:42:18,0,3.25993251800537
2015-11-13 10:42:28,0,3.26007175445557
2015-11-13 10:42:38,0,3.2600679397583
2015-11-13 10:42:48,0,3.2600736618042
2015-11-13 10:42:58,0,3.26005077362061
2015-11-13 10:43:08,0,2.83656787872314
2015-11-13 10:43:18,0,2.43104267120361
2015-11-13 10:43:28,0,2.11880207061768
2015-11-13 10:43:38,0,1.87427806854248
2015-11-13 10:43:48,0,1.68064403533936
2015-11-13 10:43:58,0,1.52296543121338
2015-11-13 10:44:08,0,1.38849639892578
2015-11-13 10:44:18,0,1.27305793762207
2015-11-13 10:44:28,0,1.17182350158691
2015-11-13 10:44:38,0,1.08767509460449
2015-11-13 10:44:48,0,1.01633071899414
2015-11-13 10:44:58,0,0.952176094055176
2015-11-13 10:45:08,0,0.894100189208984
2015-11-13 10:45:18,0,0.841105461120606
2015-11-13 10:45:28,0,0.791592597961426
2015-11-13 10:45:38,0,0.745503425598145
2015-11-13 10:45:48,0,0.702582359313965
2015-11-13 10:45:58,0,0.663622856140137
2015-11-13 10:46:08,0,0.651997566223145
2015-11-13 10:46:18,0,0
2015-11-13 10:46:28,0,0
2015-11-13 10:46:38,0,0
2015-11-13 10:46:48,0.217321678996086,-6.5201587677002
2015-11-13 10:46:58,0.434659510850906,-6.52021265029907
2015-11-13 10:47:08,0.651993095874786,-6.5198392868042
2015-11-13 10:47:18,0.869308352470398,-6.52018213272095
2015-11-13 10:47:28,1.0866516828537,-6.51989316940308
2015-11-13 10:47:38,1.30063664913178,-6.52018213272095
2015-11-13 10:47:48,1.30075538158417,0
2015-11-13 10:47:58,1.30075538158417,0
2015-11-13 10:48:08,1.30075538158417,0
2015-11-13 10:48:18,0,3.25982189178467
2015-11-13 10:48:28,0,3.26004123687744
2015-11-13 10:48:38,0,3.26003360748291
2015-11-13 10:48:48,0,3.26001644134521
2015-11-13 10:48:58,0,3.26008129119873
2015-11-13 10:49:08,0,2.80749988555908
2015-11-13 10:49:18,0,2.40531063079834
2015-11-13 10:49:28,0,2.09141254425049
2015-11-13 10:49:38,0,1.84825038909912
2015-11-13 10:49:48,0,1.6564474105835
2015-11-13 10:49:58,0,1.49617290496826
2015-11-13 10:50:08,0,1.36212253570557
2015-11-13 10:50:18,0,1.2476863861084
2015-11-13 10:50:28,0,1.15333461761475
2015-11-13 10:50:38,0,1.07404613494873
2015-11-13 10:50:48,0,1.0059700012207
2015-11-13 10:50:58,0,0.945384979248047
2015-11-13 10:51:08,0,0.889298439025879
2015-11-13 10:51:18,0,0.836894035339356
2015-11-13 10:51:28,0,0.788727760314941
2015-11-13 10:51:38,0,0.743952751159668
2015-11-13 10:51:48,0,0.701467514038086
2015-11-13 10:51:58,0,0.661857604980469
2015-11-13 10:52:08,0,0.651995658874512
2015-11-13 10:52:18,0,0
2015-11-13 10:52:28,0,0
2015-11-13 10:52:38,0,0
2015-11-13 10:52:48,0.217336550354958,-6.51984930038452
2015-11-13 10:52:58,0.434653460979462,-6.51994562149048
2015-11-13 10:53:08,0.651978135108948,-6.52011299133301
2015-11-13 10:53:18,0.869341135025024,-6.51982736587524
2015-11-13 10:53:28,1.08667433261871,-6.51979684829712
2015-11-13 10:53:38,1.29894065856934,-6.52016878128052
2015-11-13 10:53:48,1.29908263683319,0
2015-11-13 10:53:58,1.29908263683319,0
2015-11-13 10:54:08,1.29908263683319,0
2015-11-13 10:54:18,7.63336560627437E-10,3.25975704193115
2015-11-13 10:54:28,7.63336560627437E-10,3.25998401641846
2015-11-13 10:54:38,7.63336560627437E-10,3.26000690460205
2015-11-13 10:54:48,7.63336560627437E-10,3.26006603240967
2015-11-13 10:54:58,7.63336560627437E-10,3.26000308990479
2015-11-13 10:55:08,7.63336560627437E-10,2.84713077545166
2015-11-13 10:55:18,7.63336560627437E-10,2.44083499908447
2015-11-13 10:55:28,7.63336560627437E-10,2.11419773101807
2015-11-13 10:55:38,7.63336560627437E-10,1.86147975921631
2015-11-13 10:55:48,7.63336560627437E-10,1.65546226501465
2015-11-13 10:55:58,7.63336560627437E-10,1.4872407913208
2015-11-13 10:56:08,7.63336560627437E-10,1.34999656677246
2015-11-13 10:56:18,7.63336560627437E-10,1.23964595794678
2015-11-13 10:56:28,7.63336560627437E-10,1.1463680267334
2015-11-13 10:56:38,7.63336560627437E-10,1.06855392456055
2015-11-13 10:56:48,7.63336560627437E-10,0.999897003173828
2015-11-13 10:56:58,7.63336560627437E-10,0.938656806945801
2015-11-13 10:57:08,7.63336560627437E-10,0.883705139160156
2015-11-13 10:57:18,7.63336560627437E-10,0.833405494689941
2015-11-13 10:57:28,7.63336560627437E-10,0.786199569702148
2015-11-13 10:57:38,7.63336560627437E-10,0.741785049438477
2015-11-13 10:57:48,7.63336560627437E-10,0.700538635253906
2015-11-13 10:57:58,7.63336560627437E-10,0.661229133605957
2015-11-13 10:58:08,7.63336560627437E-10,0.651984214782715
2015-11-13 10:58:18,7.63336560627437E-10,0
2015-11-13 10:58:28,7.63336560627437E-10,0
2015-11-13 10:58:38,7.63336560627437E-10,0
2015-11-13 10:58:48,0.217328578233719,-6.52011966705322
2015-11-13 10:58:58,0.434670478105545,-6.51979875564575
2015-11-13 10:59:08,0.651963651180267,-6.51984596252441
2015-11-13 10:59:18,0.869333922863007,-6.52000665664673
2015-11-13 10:59:28,1.08664131164551,-6.52015161514282
2015-11-13 10:59:38,1.30397796630859,-6.51977825164795
2015-11-13 10:59:49,1.30761229991913,-6.52018404006958
2015-11-13 10:59:59,1.30772960186005,0
2015-11-13 11:00:09,1.30772960186005,0
2015-11-13 11:00:19,1.30772960186005,0
2015-11-13 11:00:29,8.78360217893004E-10,3.25992679595947
2015-11-13 11:00:39,8.78360217893004E-10,3.26011180877686
2015-11-13 11:00:49,8.78360217893004E-10,3.2600564956665
2015-11-13 11:00:59,8.78360217893004E-10,3.26005840301514
2015-11-13 11:01:09,8.78360217893004E-10,3.26011753082275
2015-11-13 11:01:19,8.78360217893004E-10,2.87094402313232
2015-11-13 11:01:29,8.78360217893004E-10,2.45328044891357
2015-11-13 11:01:39,8.78360217893004E-10,2.12291812896729
2015-11-13 11:01:49,8.78360217893004E-10,1.85949230194092
2015-11-13 11:01:59,8.78360217893004E-10,1.65020561218262
2015-11-13 11:02:09,8.78360217893004E-10,1.48153591156006
2015-11-13 11:02:19,8.78360217893004E-10,1.34565734863281
2015-11-13 11:02:29,8.78360217893004E-10,1.23546981811523
2015-11-13 11:02:39,8.78360217893004E-10,1.14589214324951
2015-11-13 11:02:49,8.78360217893004E-10,1.06853580474854
2015-11-13 11:02:59,8.78360217893004E-10,1.00032329559326
2015-11-13 11:03:09,8.78360217893004E-10,0.939053535461426
2015-11-13 11:03:19,8.78360217893004E-10,0.883066177368164
2015-11-13 11:03:29,8.78360217893004E-10,0.831603050231934
2015-11-13 11:03:39,8.78360217893004E-10,0.783335685729981
2015-11-13 11:03:49,8.78360217893004E-10,0.739019393920898
2015-11-13 11:03:59,8.78360217893004E-10,0.698151588439941
2015-11-13 11:04:09,8.78360217893004E-10,0.659853935241699
2015-11-13 11:04:19,8.78360217893004E-10,0.651993751525879
2015-11-13 11:04:29,8.78360217893004E-10,0
2015-11-13 11:04:39,8.78360217893004E-10,0
2015-11-13 11:04:49,8.78360217893004E-10,0
2015-11-13 11:04:59,0.217313632369041,-6.51984930038452
2015-11-13 11:05:09,0.434633761644363,-6.5198917388916
2015-11-13 11:05:19,0.651974976062775,-6.51987314224243
2015-11-13 11:05:29,0.869308292865753,-6.51979541778564
2015-11-13 11:05:39,1.08661043643951,-6.51987648010254
2015-11-13 11:05:43,1.29254972934723,-6.51985931396484
2015-11-13 11:05:53,1.29264795780182,0
2015-11-13 11:06:03,1.29264795780182,0
2015-11-13 11:06:13,1.29264795780182,0
2015-11-13 11:06:23,0,3.25985813140869
2015-11-13 11:06:33,0,3.26010608673096
2015-11-13 11:06:43,0,3.26004505157471
2015-11-13 11:06:53,0,3.26012325286865
2015-11-13 11:07:03,0,3.26008319854736
2015-11-13 11:07:13,0,2.84883594512939
2015-11-13 11:07:23,0,2.42870044708252
2015-11-13 11:07:33,0,2.09501171112061
2015-11-13 11:07:43,0,1.83144855499268
2015-11-13 11:07:53,0,1.62572574615479
2015-11-13 11:08:03,0,1.46070575714111
2015-11-13 11:08:13,0,1.3297815322876
2015-11-13 11:08:23,0,1.22484970092773
2015-11-13 11:08:33,0,1.13891506195068
2015-11-13 11:08:43,0,1.06464672088623
2015-11-13 11:08:53,0,0.998238563537598
2015-11-13 11:09:03,0,0.93776798248291
2015-11-13 11:09:13,0,0.882691383361816
2015-11-13 11:09:23,0,0.830575942993164
2015-11-13 11:09:33,0,0.782402992248535
2015-11-13 11:09:43,0,0.737489700317383
2015-11-13 11:09:53,0,0.696227073669434
2015-11-13 11:10:03,0,0.657693862915039
2015-11-13 11:10:13,0,0.651987075805664
2015-11-13 11:10:23,0,0
2015-11-13 11:10:33,0,0
2015-11-13 11:10:43,0,0
2015-11-13 11:10:53,0.217331886291504,-6.51984262466431
2015-11-13 11:11:03,0.434638619422913,-6.5198712348938
2015-11-13 11:11:13,0.65197479724884,-6.5198073387146
2015-11-13 11:11:23,0.869312584400177,-6.51987648010254
2015-11-13 11:11:33,1.08662056922913,-6.52003860473633
2015-11-13 11:11:43,1.29308676719666,-6.51983594894409
2015-11-13 11:11:53,1.29316413402557,0
2015-11-13 11:12:03,1.29316413402557,0
2015-11-13 11:12:13,1.29316413402557,0
2015-11-13 11:12:23,7.21480875043312E-10,3.25989627838135
2015-11-13 11:12:33,7.21480875043312E-10,3.26008319854736
2015-11-13 11:12:43,7.21480875043312E-10,3.26013660430908
2015-11-13 11:12:53,7.21480875043312E-10,3.26010227203369
2015-11-13 11:13:03,7.21480875043312E-10,3.26012897491455
2015-11-13 11:13:13,7.21480875043312E-10,2.87842845916748
2015-11-13 11:13:23,7.21480875043312E-10,2.45047283172607
2015-11-13 11:13:33,7.21480875043312E-10,2.10484981536865
2015-11-13 11:13:43,7.21480875043312E-10,1.83663272857666
2015-11-13 11:13:53,7.21480875043312E-10,1.62776374816895
2015-11-13 11:14:03,7.21480875043312E-10,1.46337127685547
2015-11-13 11:14:13,7.21480875043312E-10,1.3330249786377
2015-11-13 11:14:23,7.21480875043312E-10,1.22853565216064
2015-11-13 11:14:33,7.21480875043312E-10,1.14067363739014
2015-11-13 11:14:44,7.21480875043312E-10,1.06396293640137
2015-11-13 11:14:54,7.21480875043312E-10,0.995388984680176
2015-11-13 11:15:04,7.21480875043312E-10,0.933431625366211
2015-11-13 11:15:14,7.21480875043312E-10,0.877564430236816
2015-11-13 11:15:24,7.21480875043312E-10,0.82627010345459
2015-11-13 11:15:34,7.21480875043312E-10,0.778318405151367
2015-11-13 11:15:44,7.21480875043312E-10,0.734457015991211
2015-11-13 11:15:54,7.21480875043312E-10,0.693546295166016
2015-11-13 11:16:04,7.21480875043312E-10,0.65489673614502
2015-11-13 11:16:14,7.21480875043312E-10,0.651993751525879
2015-11-13 11:16:24,7.21480875043312E-10,0
2015-11-13 11:16:34,7.21480875043312E-10,0
2015-11-13 11:16:44,7.21480875043312E-10,0
2015-11-13 11:16:54,0.217318221926689,-6.51985931396484
2015-11-13 11:17:04,0.43464994430542,-6.52016544342041
2015-11-13 11:17:14,0.651994466781616,-6.51983594894409
2015-11-13 11:17:24,0.869296133518219,-6.51985263824463
2015-11-13 11:17:34,1.08665406703949,-6.51988315582275
2015-11-13 11:17:44,1.29414749145508,-6.51988649368286
2015-11-13 11:17:54,1.2942807674408,0
2015-11-13 11:18:04,1.2942807674408,0
2015-11-13 11:18:14,1.2942807674408,0
2015-11-13 11:18:24,3.49367890173369E-09,3.25981044769287
2015-11-13 11:18:34,3.49367890173369E-09,3.26018238067627
2015-11-13 11:18:44,3.49367890173369E-09,3.26008701324463
2015-11-13 11:18:54,3.49367890173369E-09,3.26014804840088
2015-11-13 11:19:04,3.49367890173369E-09,3.26008701324463
2015-11-13 11:19:14,3.49367890173369E-09,2.86898899078369
2015-11-13 11:19:24,3.49367890173369E-09,2.42612361907959
2015-11-13 11:19:34,3.49367890173369E-09,2.07935237884521
2015-11-13 11:19:44,3.49367890173369E-09,1.82059097290039
2015-11-13 11:19:54,3.49367890173369E-09,1.61538124084473
2015-11-13 11:20:04,3.49367890173369E-09,1.45526599884033
2015-11-13 11:20:14,3.49367890173369E-09,1.32834911346436
2015-11-13 11:20:24,3.49367890173369E-09,1.22500514984131
2015-11-13 11:20:34,3.49367890173369E-09,1.13721370697021
2015-11-13 11:20:44,3.49367890173369E-09,1.06164455413818
2015-11-13 11:20:54,3.49367890173369E-09,0.994885444641113
2015-11-13 11:21:04,3.49367890173369E-09,0.934073448181152
2015-11-13 11:21:14,3.49367890173369E-09,0.878490447998047
2015-11-13 11:21:24,3.49367890173369E-09,0.827651977539063
2015-11-13 11:21:34,3.49367890173369E-09,0.779815673828125
2015-11-13 11:21:44,3.49367890173369E-09,0.735747337341309
2015-11-13 11:21:54,3.49367890173369E-09,0.694647789001465
2015-11-13 11:22:04,3.49367890173369E-09,0.6561279296875
2015-11-13 11:22:14,3.49367890173369E-09,0.651992797851563
2015-11-13 11:22:24,3.49367890173369E-09,0
2015-11-13 11:22:34,3.49367890173369E-09,0
2015-11-13 11:22:44,3.49367890173369E-09,0
2015-11-13 11:22:54,0.217313706874847,-6.51986122131348
2015-11-13 11:23:04,0.434626460075378,-6.51990842819214
2015-11-13 11:23:14,0.651978552341461,-6.51987314224243
2015-11-13 11:23:24,0.869283497333527,-6.52001333236694
2015-11-13 11:23:34,1.0866425037384,-6.5198187828064
2015-11-13 11:23:44,1.29124045372009,-6.52018404006958
2015-11-13 11:23:54,1.29135060310364,0
2015-11-13 11:24:04,1.29135060310364,0
2015-11-13 11:24:14,1.29135060310364,0
2015-11-13 11:24:24,1.18493992395941E-09,3.25992488861084
2015-11-13 11:24:34,1.18493992395941E-09,3.2600736618042
2015-11-13 11:24:44,1.18493992395941E-09,3.26012897491455
2015-11-13 11:24:54,1.18493992395941E-09,3.26007175445557
2015-11-13 11:25:04,1.18493992395941E-09,3.26009464263916
2015-11-13 11:25:14,1.18493992395941E-09,2.85331058502197
2015-11-13 11:25:24,1.18493992395941E-09,2.41355228424072
2015-11-13 11:25:34,1.18493992395941E-09,2.07109355926514
2015-11-13 11:25:44,1.18493992395941E-09,1.81246852874756
2015-11-13 11:25:54,1.18493992395941E-09,1.60825061798096
2015-11-13 11:26:04,1.18493992395941E-09,1.44862365722656
2015-11-13 11:26:14,1.18493992395941E-09,1.32343292236328
2015-11-13 11:26:24,1.18493992395941E-09,1.22099494934082
2015-11-13 11:26:34,1.18493992395941E-09,1.13383674621582
2015-11-13 11:26:44,1.18493992395941E-09,1.05868339538574
2015-11-13 11:26:54,1.18493992395941E-09,0.993035316467285
2015-11-13 11:27:04,1.18493992395941E-09,0.934272766113281
2015-11-13 11:27:14,1.18493992395941E-09,0.880253791809082
2015-11-13 11:27:24,1.18493992395941E-09,0.830052375793457
2015-11-13 11:27:34,1.18493992395941E-09,0.783028602600098
2015-11-13 11:27:44,1.18493992395941E-09,0.740614891052246
2015-11-13 11:27:54,1.18493992395941E-09,0.700810432434082
2015-11-13 11:28:04,1.18493992395941E-09,0.663484573364258
2015-11-13 11:28:14,1.18493992395941E-09,0.651987075805664
2015-11-13 11:28:24,1.18493992395941E-09,0
2015-11-13 11:28:35,1.18493992395941E-09,0
2015-11-13 11:28:45,1.18493992395941E-09,0
2015-11-13 11:28:55,0.217311725020409,-6.51984453201294
2015-11-13 11:29:05,0.434645622968674,-6.52019739151001
2015-11-13 11:29:15,0.651990592479706,-6.5201940536499
2015-11-13 11:29:25,0.869314551353455,-6.52014493942261
2015-11-13 11:29:35,1.08666753768921,-6.52009582519531
2015-11-13 11:29:45,1.28680372238159,-6.52017545700073
2015-11-13 11:29:55,1.286900639534,0
2015-11-13 11:30:05,1.286900639534,0
2015-11-13 11:30:15,1.286900639534,0
2015-11-13 11:30:25,3.09944049592392E-11,3.25996112823486
2015-11-13 11:30:35,3.09944049592392E-11,3.26009273529053
2015-11-13 11:30:45,3.09944049592392E-11,3.26010990142822
2015-11-13 11:30:55,3.09944049592392E-11,3.26004695892334
2015-11-13 11:31:05,3.09944049592392E-11,3.26005458831787
2015-11-13 11:31:15,3.09944049592392E-11,2.82112979888916
2015-11-13 11:31:25,3.09944049592392E-11,2.38480663299561
2015-11-13 11:31:35,3.09944049592392E-11,2.05215549468994
2015-11-13 11:31:45,3.09944049592392E-11,1.79104423522949
2015-11-13 11:31:55,3.09944049592392E-11,1.59204387664795
2015-11-13 11:32:05,3.09944049592392E-11,1.43873977661133
2015-11-13 11:32:15,3.09944049592392E-11,1.31680393218994
2015-11-13 11:32:25,3.09944049592392E-11,1.21622085571289
2015-11-13 11:32:35,3.09944049592392E-11,1.13129997253418
2015-11-13 11:32:45,3.09944049592392E-11,1.05755138397217
2015-11-13 11:32:55,3.09944049592392E-11,0.991454124450684
2015-11-13 11:33:05,3.09944049592392E-11,0.930928230285645
2015-11-13 11:33:15,3.09944049592392E-11,0.875072479248047
2015-11-13 11:33:25,3.09944049592392E-11,0.823906898498535
2015-11-13 11:33:35,3.09944049592392E-11,0.776734352111816
2015-11-13 11:33:45,3.09944049592392E-11,0.73326587677002
2015-11-13 11:33:55,3.09944049592392E-11,0.692348480224609
2015-11-13 11:34:05,3.09944049592392E-11,0.65479850769043
2015-11-13 11:34:15,3.09944049592392E-11,0.651999473571777
2015-11-13 11:34:25,3.09944049592392E-11,0
2015-11-13 11:34:35,3.09944049592392E-11,0
2015-11-13 11:34:45,3.09944049592392E-11,0
2015-11-13 11:34:55,0.217319145798683,-6.5202260017395
2015-11-13 11:35:05,0.434648603200913,-6.51997947692871
2015-11-13 11:35:15,0.651972591876984,-6.5201735496521
2015-11-13 11:35:25,0.869323194026947,-6.51985454559326
2015-11-13 11:35:35,1.08666002750397,-6.5197868347168
2015-11-13 11:35:45,1.29000687599182,-6.52014493942261
2015-11-13 11:35:55,1.2901645898819,0
2015-11-13 11:36:05,1.2901645898819,0
2015-11-13 11:36:15,1.2901645898819,0
2015-11-13 11:36:25,0,3.25983905792236
2015-11-13 11:36:35,4.81843787092373E-10,3.26003360748291
2015-11-13 11:36:45,4.81843787092373E-10,3.26002407073975
2015-11-13 11:36:55,4.81843787092373E-10,3.26005840301514
2015-11-13 11:37:05,4.81843787092373E-10,3.25996494293213
2015-11-13 11:37:15,4.81843787092373E-10,2.83667659759521
2015-11-13 11:37:25,4.81843787092373E-10,2.40280437469482
2015-11-13 11:37:35,4.81843787092373E-10,2.06507778167725
2015-11-13 11:37:45,4.81843787092373E-10,1.80410003662109
2015-11-13 11:37:55,4.81843787092373E-10,1.60654640197754
2015-11-13 11:38:05,4.81843787092373E-10,1.45004463195801
2015-11-13 11:38:15,4.81843787092373E-10,1.32537078857422
2015-11-13 11:38:25,4.81843787092373E-10,1.22133731842041
2015-11-13 11:38:35,4.81843787092373E-10,1.13354301452637
2015-11-13 11:38:45,4.81843787092373E-10,1.05747032165527
2015-11-13 11:38:55,4.81843787092373E-10,0.990472793579102
2015-11-13 11:39:05,4.81843787092373E-10,0.930488586425781
2015-11-13 11:39:15,4.81843787092373E-10,0.875694274902344
2015-11-13 11:39:25,4.81843787092373E-10,0.825634956359863
2015-11-13 11:39:35,4.81843787092373E-10,0.779376029968262
2015-11-13 11:39:45,4.81843787092373E-10,0.736130714416504
2015-11-13 11:39:55,4.81843787092373E-10,0.695771217346191
2015-11-13 11:40:05,4.81843787092373E-10,0.658296585083008
2015-11-13 11:40:15,4.81843787092373E-10,0.651999473571777
2015-11-13 11:40:25,4.81843787092373E-10,0
2015-11-13 11:40:35,4.81843787092373E-10,0
2015-11-13 11:40:45,4.81843787092373E-10,0
2015-11-13 11:40:55,0.217331379652023,-6.51983070373535
2015-11-13 11:41:05,0.43464782834053,-6.51983261108398
2015-11-13 11:41:15,0.651997864246368,-6.51989841461182
2015-11-13 11:41:25,0.869296967983246,-6.52018880844116
2015-11-13 11:41:35,1.08664989471436,-6.52015495300293
2015-11-13 11:41:45,1.29589867591858,-6.52011966705322
2015-11-13 11:41:56,1.29601037502289,0
2015-11-13 11:42:06,1.29601037502289,0
2015-11-13 11:42:16,1.29601037502289,0
2015-11-13 11:42:26,0,3.2599515914917
2015-11-13 11:42:36,0,3.26014041900635
2015-11-13 11:42:46,0,3.26004695892334
2015-11-13 11:42:56,0,3.26001453399658
2015-11-13 11:43:06,0,3.2600622177124
2015-11-13 11:43:16,0,2.85605144500732
2015-11-13 11:43:26,0,2.41518115997314
2015-11-13 11:43:36,0,2.0697717666626
2015-11-13 11:43:46,0,1.80766487121582
2015-11-13 11:43:56,0,1.60868167877197
2015-11-13 11:44:06,0,1.45210742950439
2015-11-13 11:44:16,0,1.32605648040771
2015-11-13 11:44:26,0,1.22244548797607
2015-11-13 11:44:36,0,1.13530349731445
2015-11-13 11:44:46,0,1.06004524230957
2015-11-13 11:44:56,0,0.993035316467285
2015-11-13 11:45:06,0,0.932948112487793
2015-11-13 11:45:16,0,0.877716064453125
2015-11-13 11:45:26,0,0.827498435974121
2015-11-13 11:45:36,0,0.780933380126953
2015-11-13 11:45:46,0,0.738213539123535
2015-11-13 11:45:56,0,0.698269844055176
2015-11-13 11:46:06,0,0.660348892211914
2015-11-13 11:46:16,0,0.651995658874512
2015-11-13 11:46:26,0,0
2015-11-13 11:46:36,0,0
2015-11-13 11:46:46,0,0
2015-11-13 11:46:56,0.217325583100319,-6.51988506317139
2015-11-13 11:47:06,0.434646338224411,-6.52015018463135
2015-11-13 11:47:16,0.651993870735168,-6.52018070220947
2015-11-13 11:47:26,0.869336426258087,-6.5201416015625
2015-11-13 11:47:36,1.08664429187775,-6.52009105682373
2015-11-13 11:47:46,1.30399811267853,-6.52011108398438
2015-11-13 11:47:56,1.30452394485474,-6.5201587677002
2015-11-13 11:48:06,1.30463051795959,0
2015-11-13 11:48:16,1.30463051795959,0
2015-11-13 11:48:26,1.30463051795959,0
2015-11-13 11:48:36,0,3.25983715057373
2015-11-13 11:48:46,0,3.26005840301514
2015-11-13 11:48:56,0,3.26005458831787
2015-11-13 11:49:06,0,3.26010036468506
2015-11-13 11:49:16,0,3.26000499725342
2015-11-13 11:49:26,0,2.85275173187256
2015-11-13 11:49:36,0,2.41320133209229
2015-11-13 11:49:46,0,2.07006740570068
2015-11-13 11:49:56,0,1.81161212921143
2015-11-13 11:50:06,0,1.61373901367188
2015-11-13 11:50:16,0,1.45876121520996
2015-11-13 11:50:26,0,1.33280181884766
2015-11-13 11:50:36,0,1.23031425476074
2015-11-13 11:50:46,0,1.14391040802002
2015-11-13 11:50:56,0,1.0678882598877
2015-11-13 11:51:06,0,1.00156307220459
2015-11-13 11:51:16,0,0.941249847412109
2015-11-13 11:51:26,0,0.887017250061035
2015-11-13 11:51:36,0,0.837242126464844
2015-11-13 11:51:46,0,0.791103363037109
2015-11-13 11:51:56,0,0.747921943664551
2015-11-13 11:52:06,0,0.707744598388672
2015-11-13 11:52:16,0,0.668953895568848
2015-11-13 11:52:26,0,0.651984214782715
2015-11-13 11:52:36,0,0
2015-11-13 11:52:46,0,0
2015-11-13 11:52:56,0,0
2015-11-13 11:53:06,0.217331185936928,-6.52012968063355
2015-11-13 11:53:16,0.434656471014023,-6.52014017105103
2015-11-13 11:53:26,0.651999831199646,-6.52014684677124
2015-11-13 11:53:36,0.869338035583496,-6.51999807357788
2015-11-13 11:53:46,1.08667123317719,-6.52012634277344
2015-11-13 11:53:56,1.30321061611176,-6.52015686035156
2015-11-13 11:54:06,1.30331563949585,0
2015-11-13 11:54:16,1.30331563949585,0
2015-11-13 11:54:26,1.30331563949585,0
2015-11-13 11:54:36,1.79650994081015E-09,3.2599401473999
2015-11-13 11:54:46,3.51428885991822E-09,3.26006984710693
2015-11-13 11:54:56,3.51428885991822E-09,3.26003932952881
2015-11-13 11:55:06,3.51428885991822E-09,3.26001453399658
2015-11-13 11:55:16,3.51428885991822E-09,3.26002979278564
2015-11-13 11:55:26,3.51428885991822E-09,2.84791469573975
2015-11-13 11:55:36,3.51428885991822E-09,2.40673732757568
2015-11-13 11:55:46,3.51428885991822E-09,2.06569957733154
2015-11-13 11:55:56,3.51428885991822E-09,1.80960559844971
2015-11-13 11:56:06,3.51428885991822E-09,1.61312294006348
2015-11-13 11:56:17,3.51428885991822E-09,1.45926284790039
2015-11-13 11:56:27,3.51428885991822E-09,1.33471393585205
2015-11-13 11:56:37,3.51428885991822E-09,1.23256301879883
2015-11-13 11:56:47,3.51428885991822E-09,1.146315574646
2015-11-13 11:56:57,3.51428885991822E-09,1.07156276702881
2015-11-13 11:57:07,3.51428885991822E-09,1.00520133972168
2015-11-13 11:57:17,3.51428885991822E-09,0.946009635925293
2015-11-13 11:57:27,3.51428885991822E-09,0.892498970031738
2015-11-13 11:57:37,3.51428885991822E-09,0.84288215637207
2015-11-13 11:57:47,3.51428885991822E-09,0.796946525573731
2015-11-13 11:57:57,3.51428885991822E-09,0.753543853759766
2015-11-13 11:58:07,3.51428885991822E-09,0.711730003356934
2015-11-13 11:58:17,3.51428885991822E-09,0.672588348388672
2015-11-13 11:58:27,3.51428885991822E-09,0.651987075805664
2015-11-13 11:58:37,3.51428885991822E-09,0
2015-11-13 11:58:47,3.51428885991822E-09,0
2015-11-13 11:58:57,3.51428885991822E-09,0
2015-11-13 11:59:07,0.217316031455994,-6.52009963989258
2015-11-13 11:59:17,0.434648126363754,-6.52014827728272
2015-11-13 11:59:27,0.651992917060852,-6.52005052566528
2015-11-13 11:59:37,0.869341194629669,-6.52009105682373
2015-11-13 11:59:47,1.08667802810669,-6.52015352249146
2015-11-13 11:59:57,1.30399978160858,-6.52007579803467
2015-11-13 12:00:07,1.31579995155334,-6.52008247375488
2015-11-13 12:00:17,1.31592571735382,0
2015-11-13 12:00:27,1.31592571735382,0
2015-11-13 12:00:37,1.31592571735382,0
2015-11-13 12:00:47,1.30083788185686E-09,3.25995349884033
2015-11-13 12:00:57,1.30083788185686E-09,3.26008319854736
2015-11-13 12:01:07,1.30083788185686E-09,3.26001262664795
2015-11-13 12:01:17,1.30083788185686E-09,3.26003360748291
2015-11-13 12:01:27,1.30083788185686E-09,3.26005268096924
2015-11-13 12:01:37,1.30083788185686E-09,2.85709857940674
2015-11-13 12:01:47,1.30083788185686E-09,2.42172336578369
2015-11-13 12:01:57,1.30083788185686E-09,2.08149242401123
2015-11-13 12:02:07,1.30083788185686E-09,1.82220363616943
2015-11-13 12:02:17,1.30083788185686E-09,1.62193393707275
2015-11-13 12:02:27,1.30083788185686E-09,1.46589374542236
2015-11-13 12:02:37,1.30083788185686E-09,1.34011077880859
2015-11-13 12:02:47,1.30083788185686E-09,1.23686027526855
2015-11-13 12:02:57,1.30083788185686E-09,1.14870738983154
2015-11-13 12:03:07,1.30083788185686E-09,1.07175159454346
2015-11-13 12:03:13,1.30083788185686E-09,1.00393295288086
2015-11-13 12:03:24,1.30083788185686E-09,0.943705558776856
2015-11-13 12:03:34,1.30083788185686E-09,0.888884544372559
2015-11-13 12:03:44,1.30083788185686E-09,0.838537216186523
2015-11-13 12:03:54,1.30083788185686E-09,0.791878700256348
2015-11-13 12:04:04,1.30083788185686E-09,0.748346328735352
2015-11-13 12:04:14,1.30083788185686E-09,0.707959175109863
2015-11-13 12:04:24,1.30083788185686E-09,0.67086124420166
2015-11-13 12:04:34,1.30083788185686E-09,0.651993751525879
2015-11-13 12:04:44,1.30083788185686E-09,0
2015-11-13 12:04:54,1.30083788185686E-09,0
2015-11-13 12:05:04,1.30083788185686E-09,0
2015-11-13 12:05:14,0.217326134443283,-6.51981401443481
2015-11-13 12:05:24,0.434664666652679,-6.51984262466431
2015-11-13 12:05:34,0.651986300945282,-6.51986646652222
2015-11-13 12:05:44,0.869329869747162,-6.51988315582275
2015-11-13 12:05:54,1.08665215969086,-6.51983070373535
2015-11-13 12:06:04,1.30398595333099,-6.51983404159546
2015-11-13 12:06:14,1.30424618721008,-6.51978874206543
2015-11-13 12:06:24,1.30436313152313,0
2015-11-13 12:06:34,1.30436313152313,0
2015-11-13 12:06:44,1.30436313152313,0
2015-11-13 12:06:54,5.4348825440087E-10,3.25990200042725
2015-11-13 12:07:04,5.4348825440087E-10,3.26006603240967
2015-11-13 12:07:14,5.4348825440087E-10,3.26012706756592
2015-11-13 12:07:24,5.4348825440087E-10,3.26010990142822
2015-11-13 12:07:34,5.4348825440087E-10,3.2600622177124
2015-11-13 12:07:44,5.4348825440087E-10,2.81900310516357
2015-11-13 12:07:54,5.4348825440087E-10,2.39244937896729
2015-11-13 12:08:04,5.4348825440087E-10,2.0596342086792
2015-11-13 12:08:14,5.4348825440087E-10,1.80762767791748
2015-11-13 12:08:24,5.4348825440087E-10,1.61142349243164
2015-11-13 12:08:34,5.4348825440087E-10,1.45850658416748
2015-11-13 12:08:44,5.4348825440087E-10,1.33400058746338
2015-11-13 12:08:54,5.4348825440087E-10,1.23149871826172
2015-11-13 12:09:04,5.4348825440087E-10,1.14557552337646
2015-11-13 12:09:14,5.4348825440087E-10,1.07062149047852
2015-11-13 12:09:24,5.4348825440087E-10,1.00387763977051
2015-11-13 12:09:34,5.4348825440087E-10,0.943783760070801
2015-11-13 12:09:44,5.4348825440087E-10,0.889226913452148
2015-11-13 12:09:54,5.4348825440087E-10,0.83837890625
2015-11-13 12:10:04,5.4348825440087E-10,0.791977882385254
2015-11-13 12:10:14,5.4348825440087E-10,0.749677658081055
2015-11-13 12:10:24,5.4348825440087E-10,0.71267032623291
2015-11-13 12:10:34,5.4348825440087E-10,0.678689956665039
2015-11-13 12:10:44,5.4348825440087E-10,0.651992797851563
2015-11-13 12:10:54,5.4348825440087E-10,0
2015-11-13 12:11:04,5.4348825440087E-10,0
2015-11-13 12:11:14,5.4348825440087E-10,0
2015-11-13 12:11:24,0.217322573065758,-6.51989507675171
2015-11-13 12:11:34,0.434644550085068,-6.51986646652222
2015-11-13 12:11:44,0.651987671852112,-6.51987457275391
2015-11-13 12:11:54,0.869310319423676,-6.51991033554077
2015-11-13 12:12:04,1.08662045001984,-6.5198712348938
2015-11-13 12:12:14,1.30397093296051,-6.51985454559326
2015-11-13 12:12:24,1.31481719017029,-6.51981735229492
2015-11-13 12:12:34,1.31495749950409,0
2015-11-13 12:12:44,1.31495749950409,0
2015-11-13 12:12:54,1.31495749950409,0
2015-11-13 12:13:04,4.94495910885462E-09,3.25996112823486
2015-11-13 12:13:14,4.94495910885462E-09,3.26011180877686
2015-11-13 12:13:24,4.94495910885462E-09,3.26012706756592
2015-11-13 12:13:34,4.94495910885462E-09,3.26009273529053
2015-11-13 12:13:44,4.94495910885462E-09,3.26009464263916
2015-11-13 12:13:54,4.94495910885462E-09,2.84777736663818
2015-11-13 12:14:04,4.94495910885462E-09,2.41387462615967
2015-11-13 12:14:14,4.94495910885462E-09,2.07675457000732
2015-11-13 12:14:24,4.94495910885462E-09,1.82145404815674
2015-11-13 12:14:34,4.94495910885462E-09,1.62384223937988
2015-11-13 12:14:44,4.94495910885462E-09,1.46872425079346
2015-11-13 12:14:54,4.94495910885462E-09,1.34419918060303
2015-11-13 12:15:04,4.94495910885462E-09,1.24192810058594
2015-11-13 12:15:14,4.94495910885462E-09,1.1546745300293
2015-11-13 12:15:24,4.94495910885462E-09,1.07860374450684
2015-11-13 12:15:34,4.94495910885462E-09,1.01128959655762
2015-11-13 12:15:44,4.94495910885462E-09,0.949459075927734
2015-11-13 12:15:54,4.94495910885462E-09,0.893357276916504
2015-11-13 12:16:04,4.94495910885462E-09,0.84587574005127
2015-11-13 12:16:14,4.94495910885462E-09,0.802164077758789
2015-11-13 12:16:24,4.94495910885462E-09,0.761806488037109
2015-11-13 12:16:34,4.94495910885462E-09,0.723193168640137
2015-11-13 12:16:44,4.94495910885462E-09,0.686222076416016
2015-11-13 12:16:54,4.94495910885462E-09,0.651984214782715
2015-11-13 12:17:04,4.94495910885462E-09,0
2015-11-13 12:17:14,4.94495910885462E-09,0
2015-11-13 12:17:24,4.94495910885462E-09,0
2015-11-13 12:17:34,0.217334628105164,-6.51988983154297
2015-11-13 12:17:44,0.434652805328369,-6.51990509033203
2015-11-13 12:17:54,0.651983976364136,-6.51992559432983
2015-11-13 12:18:04,0.869308948516846,-6.51996946334839
2015-11-13 12:18:14,1.08664977550507,-6.51991367340088
2015-11-13 12:18:24,1.30398261547089,-6.51985263824463
2015-11-13 12:18:34,1.30812084674835,-6.51985931396484
2015-11-13 12:18:44,1.308274269104,0
2015-11-13 12:18:54,1.308274269104,0
2015-11-13 12:19:04,1.308274269104,0
2015-11-13 12:19:14,3.21626569821376E-09,3.25991153717041
2015-11-13 12:19:24,3.21626569821376E-09,3.26002025604248
2015-11-13 12:19:34,3.21626569821376E-09,3.26008701324463
2015-11-13 12:19:44,3.21626569821376E-09,3.26003170013428
2015-11-13 12:19:54,3.21626569821376E-09,3.26001644134521
2015-11-13 12:20:04,3.21626569821376E-09,2.81661510467529
2015-11-13 12:20:14,3.21626569821376E-09,2.38727855682373
2015-11-13 12:20:24,3.21626569821376E-09,2.05860424041748
2015-11-13 12:20:34,3.21626569821376E-09,1.80378913879395
2015-11-13 12:20:44,3.21626569821376E-09,1.60669803619385
2015-11-13 12:20:54,3.21626569821376E-09,1.45091342926025
2015-11-13 12:21:04,3.21626569821376E-09,1.327392578125
2015-11-13 12:21:14,3.21626569821376E-09,1.22470569610596
2015-11-13 12:21:24,3.21626569821376E-09,1.1381664276123
2015-11-13 12:21:34,3.21626569821376E-09,1.06336498260498
2015-11-13 12:21:44,3.21626569821376E-09,0.999566078186035
2015-11-13 12:21:54,3.21626569821376E-09,0.944891929626465
2015-11-13 12:22:04,3.21626569821376E-09,0.894320487976074
2015-11-13 12:22:14,3.21626569821376E-09,0.847498893737793
2015-11-13 12:22:24,3.21626569821376E-09,0.803048133850098
2015-11-13 12:22:34,3.21626569821376E-09,0.760961532592773
2015-11-13 12:22:44,3.21626569821376E-09,0.717753410339356
2015-11-13 12:22:54,3.21626569821376E-09,0.675994873046875
2015-11-13 12:23:04,3.21626569821376E-09,0.651971817016602
2015-11-13 12:23:14,3.21626569821376E-09,0
2015-11-13 12:23:24,3.21626569821376E-09,0
2015-11-13 12:23:34,3.21626569821376E-09,0
2015-11-13 12:23:44,0.217329606413841,-6.51989507675171
2015-11-13 12:23:54,0.434639394283295,-6.51987791061401
2015-11-13 12:24:04,0.651991426944733,-6.51986312866211
2015-11-13 12:24:14,0.869311153888702,-6.51987791061401
2015-11-13 12:24:25,1.08663702011108,-6.51992559432983
2015-11-13 12:24:35,1.30396866798401,-6.51992893218994
2015-11-13 12:24:45,1.30971682071686,-6.51992893218994
2015-11-13 12:24:55,1.30981779098511,0
2015-11-13 12:25:05,1.30981779098511,0
2015-11-13 12:25:15,1.30981779098511,0
2015-11-13 12:25:25,0,3.25980281829834
2015-11-13 12:25:35,0,3.26009464263916
2015-11-13 12:25:45,0,3.26010799407959
2015-11-13 12:25:55,0,3.26010799407959
2015-11-13 12:26:05,0,3.26006984710693
2015-11-13 12:26:15,0,2.81063747406006
2015-11-13 12:26:25,0,2.387770652771
2015-11-13 12:26:35,0,2.05833530426025
2015-11-13 12:26:45,0,1.80562400817871
2015-11-13 12:26:55,0,1.61479187011719
2015-11-13 12:27:05,0,1.46417903900146
2015-11-13 12:27:15,0,1.34244728088379
2015-11-13 12:27:25,0,1.24139595031738
2015-11-13 12:27:35,0,1.15809154510498
2015-11-13 12:27:45,0,1.08939647674561
2015-11-13 12:27:55,0,1.02647972106934
2015-11-13 12:28:05,0,0.968760490417481
2015-11-13 12:28:15,0,0.913819313049316
2015-11-13 12:28:25,0,0.862565994262695
2015-11-13 12:28:35,0,0.810563087463379
2015-11-13 12:28:45,0,0.761568069458008
2015-11-13 12:28:55,0,0.717167854309082
2015-11-13 12:29:05,0,0.676724433898926
2015-11-13 12:29:15,0,0.651997566223145
2015-11-13 12:29:25,0,0
2015-11-13 12:29:35,0,0
2015-11-13 12:29:45,0,0
2015-11-13 12:29:55,0.217320248484611,-6.51988649368286
2015-11-13 12:30:05,0.434643477201462,-6.51989507675171
2015-11-13 12:30:15,0.651993334293366,-6.51988649368286
2015-11-13 12:30:25,0.869299471378326,-6.51992225646973
2015-11-13 12:30:35,1.08665204048157,-6.5198917388916
2015-11-13 12:30:45,1.30395925045013,-6.51990699768066
2015-11-13 12:30:55,1.30752766132355,-6.51991033554077
2015-11-13 12:31:05,1.30766975879669,0
2015-11-13 12:31:15,1.30766975879669,0
2015-11-13 12:31:25,1.30766975879669,0
2015-11-13 12:31:35,2.17829732029884E-09,3.25988101959229
2015-11-13 12:31:45,2.17829732029884E-09,3.26012706756592
2015-11-13 12:31:55,2.17829732029884E-09,3.26008319854736
2015-11-13 12:32:05,2.17829732029884E-09,3.26010990142822
2015-11-13 12:32:15,2.17829732029884E-09,3.26009654998779
2015-11-13 12:32:25,2.17829732029884E-09,2.79905605316162
2015-11-13 12:32:35,2.17829732029884E-09,2.37698268890381
2015-11-13 12:32:45,2.17829732029884E-09,2.04863262176514
2015-11-13 12:32:55,2.17829732029884E-09,1.79964923858643
2015-11-13 12:33:05,2.17829732029884E-09,1.60534858703613
2015-11-13 12:33:15,2.17829732029884E-09,1.45276641845703
2015-11-13 12:33:25,2.17829732029884E-09,1.3338623046875
2015-11-13 12:33:35,2.17829732029884E-09,1.23951244354248
2015-11-13 12:33:45,2.17829732029884E-09,1.15995979309082
2015-11-13 12:33:55,2.17829732029884E-09,1.09017944335938
2015-11-13 12:34:05,2.17829732029884E-09,1.02667427062988
2015-11-13 12:34:15,2.17829732029884E-09,0.967534065246582
2015-11-13 12:34:25,2.17829732029884E-09,0.908594131469727
2015-11-13 12:34:35,2.17829732029884E-09,0.85308837890625
2015-11-13 12:34:45,2.17829732029884E-09,0.801589965820313
2015-11-13 12:34:55,2.17829732029884E-09,0.754900932312012
2015-11-13 12:35:05,2.17829732029884E-09,0.712555885314941
2015-11-13 12:35:15,2.17829732029884E-09,0.673055648803711
2015-11-13 12:35:25,2.17829732029884E-09,0.651992797851563
2015-11-13 12:35:35,2.17829732029884E-09,0
2015-11-13 12:35:45,2.17829732029884E-09,0
2015-11-13 12:35:55,2.17829732029884E-09,0
2015-11-13 12:36:05,0.21731248497963,-6.51986980438232
2015-11-13 12:36:15,0.434644937515259,-6.51991176605225
2015-11-13 12:36:25,0.651993930339813,-6.51989316940308
2015-11-13 12:36:35,0.869322419166565,-6.51989316940308
2015-11-13 12:36:45,1.0866322517395,-6.51993560791016
2015-11-13 12:36:55,1.29854702949524,-6.51997089385986
2015-11-13 12:37:05,1.29862380027771,0
2015-11-13 12:37:15,1.29862380027771,0
2015-11-13 12:37:25,1.29862380027771,0
2015-11-13 12:37:35,4.33328306570502E-09,3.25991535186768
2015-11-13 12:37:45,4.33328306570502E-09,3.26011180877686
2015-11-13 12:37:56,4.33328306570502E-09,3.26011180877686
2015-11-13 12:38:06,4.33328306570502E-09,3.26011371612549
2015-11-13 12:38:16,4.33328306570502E-09,3.26013088226318
2015-11-13 12:38:26,4.33328306570502E-09,2.78826236724854
2015-11-13 12:38:36,4.33328306570502E-09,2.36753940582275
2015-11-13 12:38:46,4.33328306570502E-09,2.0383996963501
2015-11-13 12:38:56,4.33328306570502E-09,1.79018402099609
2015-11-13 12:39:06,4.33328306570502E-09,1.60378074645996
2015-11-13 12:39:16,4.33328306570502E-09,1.46018886566162
2015-11-13 12:39:26,4.33328306570502E-09,1.34486675262451
2015-11-13 12:39:36,4.33328306570502E-09,1.2471981048584
2015-11-13 12:39:46,4.33328306570502E-09,1.16310214996338
2015-11-13 12:39:56,4.33328306570502E-09,1.0875358581543
2015-11-13 12:40:06,4.33328306570502E-09,1.01589679718018
2015-11-13 12:40:16,4.33328306570502E-09,0.948780059814453
2015-11-13 12:40:26,4.33328306570502E-09,0.890190124511719
2015-11-13 12:40:36,4.33328306570502E-09,0.836907386779785
2015-11-13 12:40:46,4.33328306570502E-09,0.789121627807617
2015-11-13 12:40:56,4.33328306570502E-09,0.744964599609375
2015-11-13 12:41:06,4.33328306570502E-09,0.704950332641602
2015-11-13 12:41:16,4.33328306570502E-09,0.670431137084961
2015-11-13 12:41:26,4.33328306570502E-09,0.651986122131348
2015-11-13 12:41:36,4.33328306570502E-09,0
2015-11-13 12:41:46,4.33328306570502E-09,0
2015-11-13 12:41:56,4.33328306570502E-09,0
2015-11-13 12:42:06,0.217315226793289,-6.5199556350708
2015-11-13 12:42:16,0.434642940759659,-6.51983737945557
2015-11-13 12:42:26,0.651983261108398,-6.51996278762817
2015-11-13 12:42:36,0.869319021701813,-6.51994228363037
2015-11-13 12:42:46,1.08665192127228,-6.51993560791016
2015-11-13 12:42:56,1.30398499965668,-6.51994752883911
2015-11-13 12:43:06,1.30577743053436,-6.51990365982056
2015-11-13 12:43:16,1.305903673172,0
2015-11-13 12:43:26,1.305903673172,0
2015-11-13 12:43:36,1.305903673172,0
2015-11-13 12:43:46,0,3.25987720489502
2015-11-13 12:43:56,0,3.26011753082275
2015-11-13 12:44:06,0,3.26011180877686
2015-11-13 12:44:16,0,3.26010990142822
2015-11-13 12:44:26,0,3.26013469696045
2015-11-13 12:44:36,0,2.80407810211182
2015-11-13 12:44:46,0,2.38137340545654
2015-11-13 12:44:56,0,2.05662059783936
2015-11-13 12:45:06,0,1.81379985809326
2015-11-13 12:45:16,0,1.62784290313721
2015-11-13 12:45:26,0,1.47851181030273
2015-11-13 12:45:36,0,1.35696983337402
2015-11-13 12:45:46,0,1.2530632019043
2015-11-13 12:45:56,0,1.15953540802002
2015-11-13 12:46:06,0,1.07605743408203
2015-11-13 12:46:16,0,1.00431632995605
2015-11-13 12:46:26,0,0.960294723510742
2015-11-13 12:46:36,0,0.945770263671875
2015-11-13 12:46:46,0,0.859894752502441
2015-11-13 12:46:56,0,0.793760299682617
2015-11-13 12:47:06,0,0.741818428039551
2015-11-13 12:47:16,0,0.700416564941406
2015-11-13 12:47:26,0,0.664087295532227
2015-11-13 12:47:36,0,0.651988983154297
2015-11-13 12:47:46,0,0
2015-11-13 12:47:56,0,0
2015-11-13 12:48:06,0,0
2015-11-13 12:48:16,0.217308387160301,-6.51990365982056
2015-11-13 12:48:26,0.434649974107742,-6.51987457275391
2015-11-13 12:48:36,0.651981949806213,-6.51993560791016
2015-11-13 12:48:46,0.869317293167114,-6.5199556350708
2015-11-13 12:48:56,1.08663535118103,-6.51988172531128
2015-11-13 12:49:06,1.27587068080902,-6.51992559432983
2015-11-13 12:49:16,1.27599263191223,0
2015-11-13 12:49:26,1.27599263191223,0
2015-11-13 12:49:36,1.27599263191223,0
2015-11-13 12:49:46,0,3.25976848602295
2015-11-13 12:49:56,0,3.26013469696045
2015-11-13 12:50:06,0,3.26014232635498
2015-11-13 12:50:16,0,3.26015377044678
2015-11-13 12:50:27,0,3.23003673553467
2015-11-13 12:50:37,0,2.72837734222412
2015-11-13 12:50:47,0,2.32517910003662
2015-11-13 12:50:57,0,2.01724910736084
2015-11-13 12:51:07,0,1.78027534484863
2015-11-13 12:51:17,0,1.59550189971924
2015-11-13 12:51:27,0,1.44784069061279
2015-11-13 12:51:37,0,1.32166576385498
2015-11-13 12:51:47,0,1.21561050415039
2015-11-13 12:51:57,0,1.12623023986816
2015-11-13 12:52:07,0,1.05068111419678
2015-11-13 12:52:17,0,0.985028266906738
2015-11-13 12:52:27,0,0.926497459411621
2015-11-13 12:52:37,0,0.872736930847168
2015-11-13 12:52:47,0,0.823543548583984
2015-11-13 12:52:57,0,0.780742645263672
2015-11-13 12:53:07,0,0.740962028503418
2015-11-13 12:53:17,0,0.702227592468262
2015-11-13 12:53:27,0,0.665740966796875
2015-11-13 12:53:37,0,0.651986122131348
2015-11-13 12:53:47,0,0
2015-11-13 12:53:57,0,0
2015-11-13 12:54:07,0,0
2015-11-13 12:54:17,0.217324659228325,-6.51994562149048
2015-11-13 12:54:27,0.43464258313179,-6.51990699768066
2015-11-13 12:54:37,0.651993691921234,-6.51995086669922
2015-11-13 12:54:47,0.869312405586243,-6.51990365982056
2015-11-13 12:54:57,1.08664011955261,-6.51991510391235
2015-11-13 12:55:07,1.26819062232971,-6.5199236869812
2015-11-13 12:55:17,1.26835119724274,0
2015-11-13 12:55:27,1.26835119724274,0
2015-11-13 12:55:37,1.26835119724274,0
2015-11-13 12:55:47,0,3.25992870330811
2015-11-13 12:55:57,0,3.26011180877686
2015-11-13 12:56:07,0,3.26007747650146
2015-11-13 12:56:17,0,3.26006984710693
2015-11-13 12:56:27,0,3.22933864593506
2015-11-13 12:56:37,0,2.73229694366455
2015-11-13 12:56:47,0,2.33367443084717
2015-11-13 12:56:57,0,2.02172183990479
2015-11-13 12:57:07,0,1.78220367431641
2015-11-13 12:57:17,0,1.59016513824463
2015-11-13 12:57:27,0,1.43646430969238
2015-11-13 12:57:37,0,1.31307125091553
2015-11-13 12:57:47,0,1.21212959289551
2015-11-13 12:57:57,0,1.12384033203125
2015-11-13 12:58:07,0,1.04702758789063
2015-11-13 12:58:17,0,0.978644371032715
2015-11-13 12:58:27,0,0.917516708374023
2015-11-13 12:58:37,0,0.866636276245117
2015-11-13 12:58:47,0,0.820208549499512
2015-11-13 12:58:57,0,0.776605606079102
2015-11-13 12:59:07,0,0.734923362731934
2015-11-13 12:59:17,0,0.695407867431641
2015-11-13 12:59:27,0,0.656494140625
2015-11-13 12:59:37,0,0.651982307434082
2015-11-13 12:59:47,0,0
2015-11-13 12:59:57,0,0
2015-11-13 13:00:07,0,0
2015-11-13 13:00:17,0.217312827706337,-6.51991701126099
2015-11-13 13:00:27,0.434657752513886,-6.51994895935059
2015-11-13 13:00:37,0.651972055435181,-6.51991844177246
2015-11-13 13:00:47,0.869304358959198,-6.51992225646973
2015-11-13 13:00:57,1.0866322517395,-6.51992893218994
2015-11-13 13:01:07,1.26840913295746,-6.51992559432983
2015-11-13 13:01:17,1.2685182094574,0
2015-11-13 13:01:27,1.2685182094574,0
2015-11-13 13:01:37,1.2685182094574,0
2015-11-13 13:01:47,0,3.2599630355835
2015-11-13 13:01:57,0,3.26016902923584
2015-11-13 13:02:07,0,3.26012134552002
2015-11-13 13:02:17,0,3.26013469696045
2015-11-13 13:02:27,0,3.26000690460205
2015-11-13 13:02:37,0,2.74294948577881
2015-11-13 13:02:47,0,2.32849025726318
2015-11-13 13:02:57,0,1.9991979598999
2015-11-13 13:03:07,0,1.74852657318115
2015-11-13 13:03:18,0,1.55704402923584
2015-11-13 13:03:28,0,1.40833187103271
2015-11-13 13:03:38,0,1.28896522521973
2015-11-13 13:03:48,0,1.19088649749756
2015-11-13 13:03:58,0,1.10753917694092
2015-11-13 13:04:08,0,1.0344409942627
2015-11-13 13:04:18,0,0.972603797912598
2015-11-13 13:04:28,0,0.918992042541504
2015-11-13 13:04:38,0,0.869406700134277
2015-11-13 13:04:48,0,0.82268238067627
2015-11-13 13:04:58,0,0.77784538269043
2015-11-13 13:05:08,0,0.735030174255371
2015-11-13 13:05:18,0,0.691529273986816
2015-11-13 13:05:28,0,0.651995658874512
2015-11-13 13:05:38,0,0
2015-11-13 13:05:48,0,0
2015-11-13 13:05:58,0,0
2015-11-13 13:06:08,0.217313691973686,-6.51997423171997
2015-11-13 13:06:18,0.434665024280548,-6.51992559432983
2015-11-13 13:06:28,0.651965796947479,-6.51995420455933
2015-11-13 13:06:38,0.869300365447998,-6.51992893218994
2015-11-13 13:06:48,1.08664917945862,-6.51991844177246
2015-11-13 13:06:58,1.26287174224854,-6.51993894577026
2015-11-13 13:07:08,1.26298439502716,0
2015-11-13 13:07:18,1.26298439502716,0
2015-11-13 13:07:28,1.26298439502716,0
2015-11-13 13:07:38,0,3.25991725921631
2015-11-13 13:07:48,0,3.25980663299561
2015-11-13 13:07:58,0,3.25982189178467
2015-11-13 13:08:08,0,3.26017284393311
2015-11-13 13:08:18,0,3.26011180877686
2015-11-13 13:08:28,0,2.73343181610107
2015-11-13 13:08:38,0,2.30881595611572
2015-11-13 13:08:48,0,1.98288249969482
2015-11-13 13:08:58,0,1.73690319061279
2015-11-13 13:09:08,0,1.55092239379883
2015-11-13 13:09:18,0,1.4059009552002
2015-11-13 13:09:28,0,1.28949069976807
2015-11-13 13:09:38,0,1.19242095947266
2015-11-13 13:09:48,0,1.10982608795166
2015-11-13 13:09:58,0,1.04243278503418
2015-11-13 13:10:08,0,0.981504440307617
2015-11-13 13:10:18,0,0.925089836120606
2015-11-13 13:10:28,0,0.872954368591309
2015-11-13 13:10:38,0,0.824498176574707
2015-11-13 13:10:48,0,0.775238990783691
2015-11-13 13:10:58,0,0.729765892028809
2015-11-13 13:11:08,0,0.689662933349609
2015-11-13 13:11:18,0,0.653637886047363
2015-11-13 13:11:28,0,0.651999473571777
2015-11-13 13:11:38,0,0
2015-11-13 13:11:48,0,0
2015-11-13 13:11:58,0,0
2015-11-13 13:12:08,0.217331692576408,-6.51991844177246
2015-11-13 13:12:18,0.434667646884918,-6.51993894577026
2015-11-13 13:12:28,0.651982724666595,-6.51998472213745
2015-11-13 13:12:38,0.869312763214111,-6.51991033554077
2015-11-13 13:12:48,1.08665430545807,-6.51985931396484
2015-11-13 13:12:58,1.27400064468384,-6.51994562149048
2015-11-13 13:13:08,1.27414405345917,0
2015-11-13 13:13:14,1.27414405345917,0
2015-11-13 13:13:15,1.27414405345917,0
2015-11-13 13:13:16,0,3.25996494293213
2015-11-13 13:13:17,0,3.25983142852783
2015-11-13 13:13:18,0,3.26014423370361
2015-11-13 13:13:19,0,3.25989055633545
2015-11-13 13:13:20,0,3.26012134552002
2015-11-13 13:13:21,0,2.74961185455322
2015-11-13 13:13:22,0,2.32228946685791
2015-11-13 13:13:23,0,1.99608898162842
2015-11-13 13:13:24,0,1.75199031829834
2015-11-13 13:13:25,0,1.56576728820801
2015-11-13 13:13:26,0,1.41869735717773
2015-11-13 13:13:27,0,1.29972553253174
2015-11-13 13:13:28,0,1.20664978027344
2015-11-13 13:13:29,0,1.12742328643799
2015-11-13 13:13:30,0,1.05655860900879
2015-11-13 13:13:31,0,0.992885589599609
2015-11-13 13:13:32,0,0.934092521667481
2015-11-13 13:13:33,0,0.877201080322266
2015-11-13 13:13:34,0,0.823122978210449
2015-11-13 13:13:35,0,0.774215698242188
2015-11-13 13:13:36,0,0.731086730957031
2015-11-13 13:13:37,0,0.69101619720459
2015-11-13 13:13:38,0,0.654253005981445
2015-11-13 13:13:39,0,0.651999473571777
2015-11-13 13:13:40,0,0
2015-11-13 13:13:41,0,0
2015-11-13 13:13:42,0,0
2015-11-13 13:13:43,0.217322677373886,-6.51991701126099
2015-11-13 13:13:44,0.434654861688614,-6.51986455917358
2015-11-13 13:13:45,0.651983082294464,-6.51988983154297
2015-11-13 13:13:46,0.869319021701813,-6.51981735229492
2015-11-13 13:13:47,1.08664655685425,-6.51989841461182
2015-11-13 13:13:48,1.26645529270172,-6.5198712348938
2015-11-13 13:13:49,1.26657843589783,0
2015-11-13 13:13:50,1.26657843589783,0
2015-11-13 13:13:51,1.26657843589783,0
2015-11-13 13:13:52,2.58941024178227E-09,3.2598352432251
2015-11-13 13:13:53,2.58941024178227E-09,3.25999736785889
2015-11-13 13:13:54,2.58941024178227E-09,3.2600736618042
2015-11-13 13:13:55,2.58941024178227E-09,3.260085105896
2015-11-13 13:13:56,2.58941024178227E-09,3.25776195526123
2015-11-13 13:13:57,2.58941024178227E-09,2.72681713104248
2015-11-13 13:13:58,2.58941024178227E-09,2.30931758880615
2015-11-13 13:13:59,2.58941024178227E-09,1.98761081695557
2015-11-13 13:14:00,2.58941024178227E-09,1.74403190612793
2015-11-13 13:14:01,2.58941024178227E-09,1.5582971572876
2015-11-13 13:14:02,2.58941024178227E-09,1.41926956176758
2015-11-13 13:14:04,2.58941024178227E-09,1.30690670013428
2015-11-13 13:14:05,2.58941024178227E-09,1.21201610565186
2015-11-13 13:14:06,2.58941024178227E-09,1.12987899780273
2015-11-13 13:14:07,2.58941024178227E-09,1.05721855163574
2015-11-13 13:14:08,2.58941024178227E-09,0.988755226135254
2015-11-13 13:14:09,2.58941024178227E-09,0.924044609069824
2015-11-13 13:14:10,2.58941024178227E-09,0.866381645202637
2015-11-13 13:14:11,2.58941024178227E-09,0.81560230255127
2015-11-13 13:14:12,2.58941024178227E-09,0.769534111022949
2015-11-13 13:14:13,2.58941024178227E-09,0.727426528930664
2015-11-13 13:14:14,2.58941024178227E-09,0.687750816345215
2015-11-13 13:14:15,2.58941024178227E-09,0.651999473571777
2015-11-13 13:14:16,2.58941024178227E-09,0
2015-11-13 13:14:17,2.58941024178227E-09,0
2015-11-13 13:14:18,2.58941024178227E-09,0
2015-11-13 13:14:19,0.217313915491104,-6.52000141143799
2015-11-13 13:14:20,0.434656322002411,-6.52000665664673
2015-11-13 13:14:21,0.651984333992004,-6.519944190979
2015-11-13 13:14:22,0.869312822818756,-6.51998805999756
2015-11-13 13:14:23,1.0866539478302,-6.51988315582275
2015-11-13 13:14:24,1.26682269573212,-6.51985788345337
2015-11-13 13:14:25,1.26695251464844,0
2015-11-13 13:14:26,1.26695251464844,0
2015-11-13 13:14:27,1.26695251464844,0
2015-11-13 13:14:28,4.89261253733275E-09,3.25990390777588
2015-11-13 13:14:29,4.89261253733275E-09,3.26018619537354
2015-11-13 13:14:30,4.89261253733275E-09,3.26011180877686
2015-11-13 13:14:31,4.89261253733275E-09,3.26011562347412
2015-11-13 13:14:32,4.89261253733275E-09,3.23160266876221
2015-11-13 13:14:33,4.89261253733275E-09,2.71862697601318
2015-11-13 13:14:34,4.89261253733275E-09,2.31016826629639
2015-11-13 13:14:35,4.89261253733275E-09,1.9956579208374
2015-11-13 13:14:36,4.89261253733275E-09,1.76143264770508
2015-11-13 13:14:37,4.89261253733275E-09,1.58454322814941
2015-11-13 13:14:38,4.89261253733275E-09,1.44423866271973
2015-11-13 13:14:39,4.89261253733275E-09,1.32763576507568
2015-11-13 13:14:40,4.89261253733275E-09,1.22605419158936
2015-11-13 13:14:41,4.89261253733275E-09,1.13711929321289
2015-11-13 13:14:42,4.89261253733275E-09,1.05452632904053
2015-11-13 13:14:43,4.89261253733275E-09,0.982183456420898
2015-11-13 13:14:44,4.89261253733275E-09,0.919541358947754
2015-11-13 13:14:45,4.89261253733275E-09,0.864945411682129
2015-11-13 13:14:46,4.89261253733275E-09,0.815102577209473
2015-11-13 13:14:47,4.89261253733275E-09,0.769859313964844
2015-11-13 13:14:48,4.89261253733275E-09,0.727473258972168
2015-11-13 13:14:49,4.89261253733275E-09,0.688410758972168
2015-11-13 13:14:50,4.89261253733275E-09,0.651978492736816
2015-11-13 13:14:51,4.89261253733275E-09,0
2015-11-13 13:14:52,4.89261253733275E-09,0
2015-11-13 13:14:53,4.89261253733275E-09,0
2015-11-13 13:14:54,0.217329382896423,-6.51990175247192
2015-11-13 13:14:55,0.434648483991623,-6.51989316940308
2015-11-13 13:14:56,0.651986420154572,-6.51985788345337
2015-11-13 13:14:57,0.86932361125946,-6.51987981796265
2015-11-13 13:14:58,1.08664345741272,-6.51988649368286
2015-11-13 13:14:59,1.27423012256622,-6.51997947692871
2015-11-13 13:15:00,1.27437233924866,0
2015-11-13 13:15:01,1.27437233924866,0
2015-11-13 13:15:02,1.27437233924866,0
2015-11-13 13:15:03,0,3.25993633270264
2015-11-13 13:15:04,0,3.26009273529053
2015-11-13 13:15:05,0,3.26014041900635
2015-11-13 13:15:06,0,3.26012325286865
2015-11-13 13:15:07,0,3.24108409881592
2015-11-13 13:15:08,0,2.72585964202881
2015-11-13 13:15:09,0,2.31251811981201
2015-11-13 13:15:10,0,2.00255680084229
2015-11-13 13:15:11,0,1.76867008209229
2015-11-13 13:15:12,0,1.58535289764404
2015-11-13 13:15:13,0,1.44040203094482
2015-11-13 13:15:14,0,1.32129764556885
2015-11-13 13:15:15,0,1.2159366607666
2015-11-13 13:15:16,0,1.12575912475586
2015-11-13 13:15:17,0,1.04924583435059
2015-11-13 13:15:18,0,0.983525276184082
2015-11-13 13:15:19,0,0.925061225891113
2015-11-13 13:15:20,0,0.871603012084961
2015-11-13 13:15:21,0,0.822614669799805
2015-11-13 13:15:22,0,0.776681900024414
2015-11-13 13:15:23,0,0.733819961547852
2015-11-13 13:15:24,0,0.694271087646484
2015-11-13 13:15:25,0,0.656989097595215
2015-11-13 13:15:26,0,0.651993751525879
2015-11-13 13:15:27,0,0
2015-11-13 13:15:28,0,0
2015-11-13 13:15:29,0,0
2015-11-13 13:15:30,0.217328280210495,-6.51982736587524
2015-11-13 13:15:31,0.434639573097229,-6.51990365982056
2015-11-13 13:15:32,0.651981353759766,-6.51988506317139
2015-11-13 13:15:34,0.869307041168213,-6.51995086669922
2015-11-13 13:15:35,1.08663833141327,-6.5198917388916
2015-11-13 13:15:36,1.26476144790649,-6.51995944976807
2015-11-13 13:15:37,1.2648913860321,0
2015-11-13 13:15:38,1.2648913860321,0
2015-11-13 13:15:39,1.2648913860321,0
2015-11-13 13:15:40,7.54991902329749E-10,3.25998020172119
2015-11-13 13:15:41,7.54991902329749E-10,3.26003360748291
2015-11-13 13:15:42,7.54991902329749E-10,3.26007747650146
2015-11-13 13:15:43,7.54991902329749E-10,3.26010608673096
2015-11-13 13:15:44,7.54991902329749E-10,3.21830272674561
2015-11-13 13:15:45,7.54991902329749E-10,2.71752834320068
2015-11-13 13:15:46,7.54991902329749E-10,2.31577205657959
2015-11-13 13:15:47,7.54991902329749E-10,2.00190448760986
2015-11-13 13:15:48,7.54991902329749E-10,1.76197528839111
2015-11-13 13:15:49,7.54991902329749E-10,1.57745933532715
2015-11-13 13:15:50,7.54991902329749E-10,1.42626857757568
2015-11-13 13:15:51,7.54991902329749E-10,1.30087947845459
2015-11-13 13:15:52,7.54991902329749E-10,1.19868946075439
2015-11-13 13:15:53,7.54991902329749E-10,1.11359119415283
2015-11-13 13:15:54,7.54991902329749E-10,1.04067420959473
2015-11-13 13:15:55,7.54991902329749E-10,0.976263046264648
2015-11-13 13:15:56,7.54991902329749E-10,0.918238639831543
2015-11-13 13:15:57,7.54991902329749E-10,0.864724159240723
2015-11-13 13:15:58,7.54991902329749E-10,0.815328598022461
2015-11-13 13:15:59,7.54991902329749E-10,0.77053165435791
2015-11-13 13:16:00,7.54991902329749E-10,0.72777271270752
2015-11-13 13:16:01,7.54991902329749E-10,0.690899848937988
2015-11-13 13:16:02,7.54991902329749E-10,0.6593017578125
2015-11-13 13:16:03,7.54991902329749E-10,0.651992797851563
2015-11-13 13:16:04,7.54991902329749E-10,0
2015-11-13 13:16:05,7.54991902329749E-10,0
2015-11-13 13:16:06,7.54991902329749E-10,0
2015-11-13 13:16:07,0.217328697443008,-6.51987981796265
2015-11-13 13:16:08,0.434659779071808,-6.51990842819214
2015-11-13 13:16:09,0.651985704898834,-6.51994562149048
2015-11-13 13:16:10,0.869319260120392,-6.51994562149048
2015-11-13 13:16:11,1.08665347099304,-6.51984453201294
2015-11-13 13:16:12,1.26215147972107,-6.51995229721069
2015-11-13 13:16:13,1.26224136352539,0
2015-11-13 13:16:14,1.26224136352539,0
2015-11-13 13:16:15,1.26224136352539,0
2015-11-13 13:16:16,0,3.2596960067749
2015-11-13 13:16:17,0,3.26018047332764
2015-11-13 13:16:18,0,3.26014614105225
2015-11-13 13:16:19,0,3.26010608673096
2015-11-13 13:16:20,0,3.21398830413818
2015-11-13 13:16:21,0,2.71168613433838
2015-11-13 13:16:22,0,2.30323123931885
2015-11-13 13:16:23,0,1.99198246002197
2015-11-13 13:16:24,0,1.74740695953369
2015-11-13 13:16:25,0,1.55533123016357
2015-11-13 13:16:26,0,1.4054536819458
2015-11-13 13:16:27,0,1.28732967376709
2015-11-13 13:16:28,0,1.1903076171875
2015-11-13 13:16:29,0,1.10768413543701
2015-11-13 13:16:30,0,1.03589916229248
2015-11-13 13:16:31,0,0.971487045288086
2015-11-13 13:16:32,0,0.913970947265625
2015-11-13 13:16:33,0,0.860231399536133
2015-11-13 13:16:34,0,0.811653137207031
2015-11-13 13:16:35,0,0.767532348632813
2015-11-13 13:16:36,0,0.730252265930176
2015-11-13 13:16:37,0,0.695339202880859
2015-11-13 13:16:38,0,0.662303924560547
2015-11-13 13:16:39,0,0.651986122131348
2015-11-13 13:16:40,0,0
2015-11-13 13:16:41,0,0
2015-11-13 13:16:42,0,0
2015-11-13 13:16:43,0.217321649193764,-6.51990509033203
2015-11-13 13:16:44,0.434649974107742,-6.51990032196045
2015-11-13 13:16:45,0.651980876922607,-6.51992225646973
2015-11-13 13:16:46,0.86929976940155,-6.51992702484131
2015-11-13 13:16:47,1.08662724494934,-6.51995086669922
2015-11-13 13:16:48,1.2515105009079,-6.51996278762817
2015-11-13 13:16:49,1.25163531303406,0
2015-11-13 13:16:50,1.25163531303406,0
2015-11-13 13:16:51,1.25163531303406,0
2015-11-13 13:16:52,0,3.25986957550049
2015-11-13 13:16:53,0,3.25974178314209
2015-11-13 13:16:54,0,3.2600622177124
2015-11-13 13:16:55,0,3.26006603240967
2015-11-13 13:16:56,0,3.20233058929443
2015-11-13 13:16:57,0,2.69017505645752
2015-11-13 13:16:58,0,2.27078533172607
2015-11-13 13:16:59,0,1.95063495635986
2015-11-13 13:17:00,0,1.71158790588379
2015-11-13 13:17:01,0,1.53153324127197
2015-11-13 13:17:02,0,1.38992214202881
2015-11-13 13:17:04,0,1.27523136138916
2015-11-13 13:17:05,0,1.18003177642822
2015-11-13 13:17:06,0,1.09807682037354
2015-11-13 13:17:07,0,1.02613353729248
2015-11-13 13:17:08,0,0.962349891662598
2015-11-13 13:17:09,0,0.904462814331055
2015-11-13 13:17:10,0,0.854686737060547
2015-11-13 13:17:11,0,0.811911582946777
2015-11-13 13:17:12,0,0.770598411560059
2015-11-13 13:17:13,0,0.731640815734863
2015-11-13 13:17:14,0,0.694244384765625
2015-11-13 13:17:15,0,0.657693862915039
2015-11-13 13:17:16,0,0.651995658874512
2015-11-13 13:17:17,0,0
2015-11-13 13:17:18,0,0
2015-11-13 13:17:19,0,0
2015-11-13 13:17:20,0.217325612902641,-6.51990032196045
2015-11-13 13:17:21,0.434651583433151,-6.51996088027954
2015-11-13 13:17:22,0.651977717876434,-6.51988315582275
2015-11-13 13:17:23,0.869298219680786,-6.51988315582275
2015-11-13 13:17:24,1.08664393424988,-6.51991033554077
2015-11-13 13:17:25,1.25234770774841,-6.51987314224243
2015-11-13 13:17:26,1.2524573802948,0
2015-11-13 13:17:27,1.2524573802948,0
2015-11-13 13:17:28,1.2524573802948,0
2015-11-13 13:17:29,0,3.25987529754639
2015-11-13 13:17:30,0,3.26012134552002
2015-11-13 13:17:31,0,3.26005458831787
2015-11-13 13:17:32,0,3.26013278961182
2015-11-13 13:17:33,0,3.18958568572998
2015-11-13 13:17:34,0,2.66649723052979
2015-11-13 13:17:35,0,2.25298976898193
2015-11-13 13:17:36,0,1.94188976287842
2015-11-13 13:17:37,0,1.70932769775391
2015-11-13 13:17:38,0,1.53122425079346
2015-11-13 13:17:39,0,1.39005947113037
2015-11-13 13:17:40,0,1.27636337280273
2015-11-13 13:17:41,0,1.18098068237305
2015-11-13 13:17:42,0,1.09839153289795
2015-11-13 13:17:43,0,1.02742004394531
2015-11-13 13:17:44,0,0.968036651611328
2015-11-13 13:17:45,0,0.914807319641113
2015-11-13 13:17:46,0,0.865840911865234
2015-11-13 13:17:47,0,0.819666862487793
2015-11-13 13:17:48,0,0.776305198669434
2015-11-13 13:17:49,0,0.732641220092773
2015-11-13 13:17:50,0,0.690085411071777
2015-11-13 13:17:51,0,0.651999473571777
2015-11-13 13:17:52,0,0
2015-11-13 13:17:53,0,0
2015-11-13 13:17:54,0,0
2015-11-13 13:17:55,0.217311084270477,-6.51993560791016
2015-11-13 13:17:56,0.434655785560608,-6.51986455917358
2015-11-13 13:17:57,0.651974499225616,-6.51994752883911
2015-11-13 13:17:58,0.869311630725861,-6.51989841461182
2015-11-13 13:17:59,1.0866265296936,-6.51987314224243
2015-11-13 13:18:00,1.24669146537781,-6.51986646652222
2015-11-13 13:18:01,1.24680852890015,0
2015-11-13 13:18:02,1.24680852890015,0
2015-11-13 13:18:03,1.24680852890015,0
2015-11-13 13:18:04,0,3.25991916656494
2015-11-13 13:18:05,0,3.26013469696045
2015-11-13 13:18:06,0,3.26015186309814
2015-11-13 13:18:07,0,3.26014232635498
2015-11-13 13:18:08,0,3.15069103240967
2015-11-13 13:18:09,0,2.64589405059814
2015-11-13 13:18:10,0,2.23987674713135
2015-11-13 13:18:11,0,1.93496227264404
2015-11-13 13:18:12,0,1.70502853393555
2015-11-13 13:18:13,0,1.52662563323975
2015-11-13 13:18:14,0,1.38627147674561
2015-11-13 13:18:15,0,1.27122783660889
2015-11-13 13:18:16,0,1.17622089385986
2015-11-13 13:18:17,0,1.099778175354
2015-11-13 13:18:18,0,1.03519153594971
2015-11-13 13:18:19,0,0.975956916809082
2015-11-13 13:18:20,0,0.921672821044922
2015-11-13 13:18:21,0,0.870017051696777
2015-11-13 13:18:22,0,0.819360733032227
2015-11-13 13:18:23,0,0.769906044006348
2015-11-13 13:18:24,0,0.724836349487305
2015-11-13 13:18:25,0,0.684642791748047
2015-11-13 13:18:26,0,0.651997566223145
2015-11-13 13:18:27,0,0
2015-11-13 13:18:28,0,0
2015-11-13 13:18:29,0,0
2015-11-13 13:18:30,0.217329636216164,-6.51990842819214
2015-11-13 13:18:31,0.434645742177963,-6.51987791061401
2015-11-13 13:18:33,0.651980996131897,-6.51983070373535
2015-11-13 13:18:34,0.869312882423401,-6.51985263824463
2015-11-13 13:18:35,1.08664155006409,-6.51987648010254
2015-11-13 13:18:36,1.25283670425415,-6.5199556350708
2015-11-13 13:18:37,1.25296580791473,0
2015-11-13 13:18:38,1.25296580791473,0
2015-11-13 13:18:39,1.25296580791473,0
2015-11-13 13:18:40,0,3.2598237991333
2015-11-13 13:18:41,0,3.26008892059326
2015-11-13 13:18:42,0,3.26007175445557
2015-11-13 13:18:43,0,3.26008129119873
2015-11-13 13:18:44,0,3.16791820526123
2015-11-13 13:18:45,0,2.66328525543213
2015-11-13 13:18:46,0,2.25813007354736
2015-11-13 13:18:47,0,1.94917392730713
2015-11-13 13:18:48,0,1.71545505523682
2015-11-13 13:18:49,0,1.53429508209229
2015-11-13 13:18:50,0,1.39241218566895
2015-11-13 13:18:51,0,1.28323554992676
2015-11-13 13:18:52,0,1.19361114501953
2015-11-13 13:18:53,0,1.11653709411621
2015-11-13 13:18:54,0,1.04771900177002
2015-11-13 13:18:55,0,0.984953880310059
2015-11-13 13:18:56,0,0.924017906188965
2015-11-13 13:18:57,0,0.86620044708252
2015-11-13 13:18:58,0,0.814413070678711
2015-11-13 13:18:59,0,0.767963409423828
2015-11-13 13:19:00,0,0.726649284362793
2015-11-13 13:19:01,0,0.687446594238281
2015-11-13 13:19:02,0,0.651997566223145
2015-11-13 13:19:03,0,0
2015-11-13 13:19:04,0,0
2015-11-13 13:19:05,0,0
2015-11-13 13:19:06,0.217315822839737,-6.51989507675171
2015-11-13 13:19:07,0.434661597013474,-6.51988649368286
2015-11-13 13:19:08,0.651971757411957,-6.51990842819214
2015-11-13 13:19:09,0.869314789772034,-6.5198917388916
2015-11-13 13:19:10,1.08664631843567,-6.51998949050903
2015-11-13 13:19:11,1.2547105550766,-6.51989316940308
2015-11-13 13:19:12,1.25483524799347,0
2015-11-13 13:19:13,1.25483524799347,0
2015-11-13 13:19:14,1.25483524799347,0
2015-11-13 13:19:15,0,3.25993633270264
2015-11-13 13:19:16,0,3.26014804840088
2015-11-13 13:19:17,0,3.26015377044678
2015-11-13 13:19:18,0,3.26009464263916
2015-11-13 13:19:19,0,3.17634296417236
2015-11-13 13:19:20,0,2.67183399200439
2015-11-13 13:19:21,0,2.2644624710083
2015-11-13 13:19:22,0,1.95498752593994
2015-11-13 13:19:23,0,1.72065448760986
2015-11-13 13:19:24,0,1.5477123260498
2015-11-13 13:19:25,0,1.41188430786133
2015-11-13 13:19:26,0,1.30017566680908
2015-11-13 13:19:27,0,1.20579242706299
2015-11-13 13:19:28,0,1.12404155731201
2015-11-13 13:19:29,0,1.04785251617432
2015-11-13 13:19:30,0,0.977351188659668
2015-11-13 13:19:31,0,0.915492057800293
2015-11-13 13:19:32,0,0.860733032226563
2015-11-13 13:19:33,0,0.810575485229492
2015-11-13 13:19:34,0,0.765433311462402
2015-11-13 13:19:35,0,0.724139213562012
2015-11-13 13:19:36,0,0.685613632202148
2015-11-13 13:19:37,0,0.651993751525879
2015-11-13 13:19:38,0,0
2015-11-13 13:19:39,0,0
2015-11-13 13:19:40,0,0
2015-11-13 13:19:41,0.217331692576408,-6.51987981796265
2015-11-13 13:19:42,0.434655874967575,-6.51988649368286
2015-11-13 13:19:43,0.651977896690369,-6.51990699768066
2015-11-13 13:19:44,0.869308352470398,-6.51991033554077
2015-11-13 13:19:45,1.08664405345917,-6.51990175247192
2015-11-13 13:19:46,1.26581704616547,-6.51983070373535
2015-11-13 13:19:47,1.26594054698944,0
2015-11-13 13:19:48,1.26594054698944,0
2015-11-13 13:19:49,1.26594054698944,0
2015-11-13 13:19:50,0,3.25998020172119
2015-11-13 13:19:51,0,3.26015758514404
2015-11-13 13:19:52,0,3.26012516021729
2015-11-13 13:19:53,0,3.26012516021729
2015-11-13 13:19:54,0,3.19943141937256
2015-11-13 13:19:55,0,2.698317527771
2015-11-13 13:19:56,0,2.28830051422119
2015-11-13 13:19:57,0,1.97467708587646
2015-11-13 13:19:58,0,1.73680305480957
2015-11-13 13:19:59,0,1.5533332824707
